-- phpMyAdmin SQL Dump
-- version 5.2.1
-- https://www.phpmyadmin.net/
--
-- Host: 127.0.0.1
-- Generation Time: Nov 25, 2024 at 01:17 AM
-- Server version: 10.4.32-MariaDB
-- PHP Version: 8.2.12

SET SQL_MODE = "NO_AUTO_VALUE_ON_ZERO";
START TRANSACTION;
SET time_zone = "+00:00";


/*!40101 SET @OLD_CHARACTER_SET_CLIENT=@@CHARACTER_SET_CLIENT */;
/*!40101 SET @OLD_CHARACTER_SET_RESULTS=@@CHARACTER_SET_RESULTS */;
/*!40101 SET @OLD_COLLATION_CONNECTION=@@COLLATION_CONNECTION */;
/*!40101 SET NAMES utf8mb4 */;

--
-- Database: `sbs-aaaos-buhi`
--

-- --------------------------------------------------------

--
-- Table structure for table `admins`
--

CREATE TABLE `admins` (
  `id` tinyint(3) UNSIGNED NOT NULL,
  `number` tinyint(3) UNSIGNED NOT NULL,
  `name` varchar(255) NOT NULL,
  `avatar` varchar(255) NOT NULL,
  `username` varchar(255) NOT NULL,
  `password` varchar(255) NOT NULL,
  `active_portion` varchar(255) DEFAULT NULL,
  `called_at` timestamp NULL DEFAULT NULL,
  `pinged_at` timestamp NULL DEFAULT NULL,
  `created_at` timestamp NOT NULL DEFAULT current_timestamp(),
  `updated_at` timestamp NOT NULL DEFAULT current_timestamp() ON UPDATE current_timestamp()
) ENGINE=InnoDB DEFAULT CHARSET=utf8mb4 COLLATE=utf8mb4_general_ci;

--
-- Dumping data for table `admins`
--

INSERT INTO `admins` (`id`, `number`, `name`, `avatar`, `username`, `password`, `active_portion`, `called_at`, `pinged_at`, `created_at`, `updated_at`) VALUES
(1, 1, 'DEVELOPMENT', 'no-avatar.jpg', 'admin', 'admin', NULL, NULL, NULL, '2023-02-19 07:36:32', '2023-05-28 05:27:35');

-- --------------------------------------------------------

--
-- Table structure for table `arrangements`
--

CREATE TABLE `arrangements` (
  `id` smallint(5) UNSIGNED NOT NULL,
  `event_id` smallint(5) UNSIGNED NOT NULL,
  `team_id` tinyint(3) UNSIGNED NOT NULL,
  `order` tinyint(3) UNSIGNED NOT NULL,
  `created_at` timestamp NOT NULL DEFAULT current_timestamp(),
  `updated_at` timestamp NOT NULL DEFAULT current_timestamp() ON UPDATE current_timestamp()
) ENGINE=InnoDB DEFAULT CHARSET=utf8mb4 COLLATE=utf8mb4_general_ci;

-- --------------------------------------------------------

--
-- Table structure for table `categories`
--

CREATE TABLE `categories` (
  `id` tinyint(3) UNSIGNED NOT NULL,
  `competition_id` tinyint(3) UNSIGNED NOT NULL,
  `slug` varchar(32) NOT NULL,
  `title` varchar(255) NOT NULL,
  `created_at` timestamp NOT NULL DEFAULT current_timestamp(),
  `updated_at` timestamp NOT NULL DEFAULT current_timestamp() ON UPDATE current_timestamp()
) ENGINE=InnoDB DEFAULT CHARSET=utf8mb4 COLLATE=utf8mb4_general_ci;

--
-- Dumping data for table `categories`
--

INSERT INTO `categories` (`id`, `competition_id`, `slug`, `title`, `created_at`, `updated_at`) VALUES
(1, 1, 'ambassador-buhi-2024', 'Ambassador 2024', '2023-04-06 13:25:10', '2024-11-24 17:47:54'),
(2, 1, 'ambasadress-buhi-2024', 'Ambasadress 2024', '2023-04-23 09:59:52', '2024-11-24 17:48:34');

-- --------------------------------------------------------

--
-- Table structure for table `competitions`
--

CREATE TABLE `competitions` (
  `id` tinyint(3) UNSIGNED NOT NULL,
  `slug` varchar(32) NOT NULL,
  `title` varchar(255) NOT NULL,
  `created_at` timestamp NOT NULL DEFAULT current_timestamp(),
  `updated_at` timestamp NOT NULL DEFAULT current_timestamp() ON UPDATE current_timestamp()
) ENGINE=InnoDB DEFAULT CHARSET=utf8mb4 COLLATE=utf8mb4_general_ci;

--
-- Dumping data for table `competitions`
--

INSERT INTO `competitions` (`id`, `slug`, `title`, `created_at`, `updated_at`) VALUES
(1, 'sbs-aaaos-buhi-2024', 'Ambassador and Ambassadress of Sports 2024', '2023-04-06 13:24:04', '2024-11-24 17:46:45');

-- --------------------------------------------------------

--
-- Table structure for table `criteria`
--

CREATE TABLE `criteria` (
  `id` smallint(5) UNSIGNED NOT NULL,
  `event_id` smallint(5) UNSIGNED NOT NULL,
  `title` varchar(255) NOT NULL,
  `percentage` float UNSIGNED NOT NULL,
  `created_at` timestamp NOT NULL DEFAULT current_timestamp(),
  `updated_at` timestamp NOT NULL DEFAULT current_timestamp() ON UPDATE current_timestamp()
) ENGINE=InnoDB DEFAULT CHARSET=utf8mb4 COLLATE=utf8mb4_general_ci;

--
-- Dumping data for table `criteria`
--

INSERT INTO `criteria` (`id`, `event_id`, `title`, `percentage`, `created_at`, `updated_at`) VALUES
(1, 1, 'Face Value', 40, '2023-04-23 09:33:48', '2024-11-24 18:01:15'),
(2, 1, 'Performance and Self Introduction', 40, '2023-04-23 09:34:06', '2024-11-24 18:01:37'),
(3, 1, 'Stage Presence and Over-all Impact', 20, '2023-04-23 09:35:02', '2024-11-24 18:01:58'),
(5, 2, 'Face Value', 40, '2023-04-23 09:37:40', '2024-11-24 18:02:23'),
(6, 2, 'Appropriateness of Sports Attire', 40, '2023-04-23 09:38:14', '2024-11-24 18:02:51'),
(7, 2, 'Stage Presence and Over-all Impact', 20, '2023-04-23 09:38:42', '2024-11-24 18:03:17'),
(9, 3, 'Face Value', 40, '2023-04-23 09:39:35', '2024-11-24 18:03:48'),
(10, 3, 'Intelligence & Relevance', 40, '2023-04-23 09:40:27', '2024-11-24 18:04:10'),
(11, 3, 'Stage Presence and Over-all Impact', 20, '2023-04-23 09:41:01', '2024-11-24 18:04:32'),
(13, 4, 'Face Value', 40, '2023-04-23 09:42:04', '2024-11-24 18:05:11'),
(14, 4, 'Over-all Design and Formal Wear', 40, '2023-04-23 09:42:18', '2024-11-24 18:05:39'),
(15, 4, 'Stage Presence and Over-all Impact', 20, '2023-04-23 09:42:27', '2024-11-24 18:06:00'),
(17, 5, 'Intelligence/Personality (Content of the Answer and Delivery)', 40, '2023-04-23 09:43:16', '2024-11-24 18:09:28'),
(18, 5, 'Beauty of the Face and Body Proportion', 60, '2023-04-23 09:43:27', '2024-11-24 18:10:04'),
(21, 6, 'Face Value', 40, '2023-04-23 10:11:09', '2024-11-24 18:10:37'),
(22, 6, 'Performance and Self Introduction', 40, '2023-04-23 10:11:15', '2024-11-24 18:10:57'),
(23, 6, 'Stage Presence and Over-all Impact', 20, '2023-04-23 10:11:23', '2024-11-24 18:11:09'),
(25, 7, 'Face Value', 40, '2023-04-23 10:11:59', '2024-11-24 18:12:01'),
(26, 7, 'Appropriateness of Sports Attire', 40, '2023-04-23 10:12:05', '2024-11-24 18:12:18'),
(27, 7, 'Stage Presence and Over-all Impact', 20, '2023-04-23 10:12:20', '2024-11-24 18:12:33'),
(29, 8, 'Face Value', 40, '2023-04-23 10:12:56', '2024-11-24 18:13:23'),
(30, 8, 'Intelligence & Relevance', 40, '2023-04-23 10:13:03', '2024-11-24 18:13:38'),
(31, 8, 'Stage Presence and Over-all Impact', 20, '2023-04-23 10:13:09', '2024-11-24 18:13:54'),
(33, 9, 'Face Value', 40, '2023-04-23 10:13:29', '2024-11-24 18:14:21'),
(34, 9, 'Over-all Design and Formal Wear', 40, '2023-04-23 10:13:35', '2024-11-24 18:14:46'),
(35, 9, 'Stage Presence and Over-all Impact', 20, '2023-04-23 10:13:40', '2024-11-24 18:15:02'),
(37, 10, 'Intelligence/Personality (Content of the Answer and Delivery)', 40, '2023-04-23 10:14:32', '2024-11-24 18:15:30'),
(38, 10, 'Beauty of the Face and Body Proportion', 60, '2023-04-23 10:14:39', '2024-11-24 18:15:46');

-- --------------------------------------------------------

--
-- Table structure for table `deductions`
--

CREATE TABLE `deductions` (
  `id` mediumint(8) UNSIGNED NOT NULL,
  `technical_id` tinyint(3) UNSIGNED NOT NULL,
  `event_id` smallint(5) UNSIGNED NOT NULL,
  `team_id` tinyint(3) UNSIGNED NOT NULL,
  `value` float UNSIGNED NOT NULL DEFAULT 0,
  `is_locked` tinyint(1) NOT NULL DEFAULT 0,
  `created_at` timestamp NOT NULL DEFAULT current_timestamp(),
  `updated_at` timestamp NOT NULL DEFAULT current_timestamp() ON UPDATE current_timestamp()
) ENGINE=InnoDB DEFAULT CHARSET=utf8mb4 COLLATE=utf8mb4_general_ci;

-- --------------------------------------------------------

--
-- Table structure for table `duos`
--

CREATE TABLE `duos` (
  `id` smallint(5) UNSIGNED NOT NULL,
  `slug` varchar(32) NOT NULL,
  `title` varchar(255) NOT NULL,
  `event_id_1` smallint(5) UNSIGNED NOT NULL,
  `event_id_2` smallint(5) UNSIGNED NOT NULL,
  `created_at` timestamp NOT NULL DEFAULT current_timestamp(),
  `updated_at` timestamp NOT NULL DEFAULT current_timestamp() ON UPDATE current_timestamp()
) ENGINE=InnoDB DEFAULT CHARSET=utf8mb4 COLLATE=utf8mb4_general_ci;

--
-- Dumping data for table `duos`
--

INSERT INTO `duos` (`id`, `slug`, `title`, `event_id_1`, `event_id_2`, `created_at`, `updated_at`) VALUES
(1, 'production', 'PRODUCTION', 1, 6, '2023-04-24 01:29:03', '2023-04-24 01:29:03'),
(2, 'swimwear', 'SWIMWEAR', 2, 7, '2023-04-24 01:29:37', '2023-04-24 01:29:37'),
(3, 'formal-wear-long-gown', 'FORMAL WEAR & LONG GOWN', 3, 8, '2023-04-24 01:30:43', '2023-04-24 01:30:43'),
(4, 'preliminary-qa', 'PRELIMINARY Q&A', 4, 9, '2023-04-24 01:31:18', '2023-05-03 07:55:45'),
(5, 'final-qa', 'FINAL Q&A', 5, 10, '2023-04-24 01:31:44', '2023-05-03 07:55:57');

-- --------------------------------------------------------

--
-- Table structure for table `eliminations`
--

CREATE TABLE `eliminations` (
  `id` mediumint(9) NOT NULL,
  `event_id` smallint(5) UNSIGNED NOT NULL,
  `team_id` tinyint(3) UNSIGNED NOT NULL,
  `created_at` timestamp NOT NULL DEFAULT current_timestamp(),
  `updated_at` timestamp NOT NULL DEFAULT current_timestamp() ON UPDATE current_timestamp()
) ENGINE=InnoDB DEFAULT CHARSET=utf8mb4 COLLATE=utf8mb4_general_ci;

--
-- Dumping data for table `eliminations`
--

INSERT INTO `eliminations` (`id`, `event_id`, `team_id`, `created_at`, `updated_at`) VALUES
(10, 2, 23, '2024-11-24 18:33:36', '2024-11-24 18:33:36'),
(11, 1, 15, '2024-11-24 18:35:02', '2024-11-24 18:35:02'),
(12, 1, 16, '2024-11-24 18:35:03', '2024-11-24 18:35:03'),
(13, 1, 17, '2024-11-24 18:35:06', '2024-11-24 18:35:06'),
(14, 1, 18, '2024-11-24 18:35:25', '2024-11-24 18:35:25'),
(16, 1, 19, '2024-11-24 18:35:28', '2024-11-24 18:35:28'),
(17, 1, 20, '2024-11-24 18:35:30', '2024-11-24 18:35:30'),
(18, 1, 21, '2024-11-24 18:35:33', '2024-11-24 18:35:33'),
(19, 1, 22, '2024-11-24 18:35:34', '2024-11-24 18:35:34'),
(20, 2, 15, '2024-11-24 18:35:42', '2024-11-24 18:35:42'),
(21, 2, 16, '2024-11-24 18:35:44', '2024-11-24 18:35:44'),
(23, 2, 17, '2024-11-24 18:35:48', '2024-11-24 18:35:48'),
(24, 2, 18, '2024-11-24 18:35:50', '2024-11-24 18:35:50'),
(26, 2, 19, '2024-11-24 18:35:59', '2024-11-24 18:35:59'),
(27, 2, 20, '2024-11-24 18:36:02', '2024-11-24 18:36:02'),
(28, 2, 21, '2024-11-24 18:36:05', '2024-11-24 18:36:05'),
(29, 2, 22, '2024-11-24 18:36:07', '2024-11-24 18:36:07'),
(30, 3, 22, '2024-11-24 18:36:09', '2024-11-24 18:36:09'),
(31, 3, 21, '2024-11-24 18:36:10', '2024-11-24 18:36:10'),
(32, 3, 20, '2024-11-24 18:36:12', '2024-11-24 18:36:12'),
(33, 3, 19, '2024-11-24 18:36:14', '2024-11-24 18:36:14'),
(34, 3, 18, '2024-11-24 18:36:17', '2024-11-24 18:36:17'),
(35, 3, 17, '2024-11-24 18:36:19', '2024-11-24 18:36:19'),
(36, 3, 16, '2024-11-24 18:36:20', '2024-11-24 18:36:20'),
(37, 3, 15, '2024-11-24 18:36:22', '2024-11-24 18:36:22'),
(41, 4, 15, '2024-11-24 18:36:59', '2024-11-24 18:36:59'),
(42, 4, 16, '2024-11-24 18:37:00', '2024-11-24 18:37:00'),
(43, 4, 17, '2024-11-24 18:37:02', '2024-11-24 18:37:02'),
(44, 4, 18, '2024-11-24 18:37:05', '2024-11-24 18:37:05'),
(45, 4, 19, '2024-11-24 18:37:06', '2024-11-24 18:37:06'),
(46, 4, 20, '2024-11-24 18:37:07', '2024-11-24 18:37:07'),
(47, 4, 21, '2024-11-24 18:37:09', '2024-11-24 18:37:09'),
(48, 4, 22, '2024-11-24 18:37:11', '2024-11-24 18:37:11'),
(49, 5, 22, '2024-11-24 18:37:13', '2024-11-24 18:37:13'),
(50, 5, 21, '2024-11-24 18:37:14', '2024-11-24 18:37:14'),
(51, 5, 20, '2024-11-24 18:37:15', '2024-11-24 18:37:15'),
(52, 5, 19, '2024-11-24 18:37:17', '2024-11-24 18:37:17'),
(53, 5, 18, '2024-11-24 18:37:19', '2024-11-24 18:37:19'),
(54, 5, 17, '2024-11-24 18:37:21', '2024-11-24 18:37:21'),
(55, 5, 16, '2024-11-24 18:37:23', '2024-11-24 18:37:23'),
(56, 5, 15, '2024-11-24 18:37:26', '2024-11-24 18:37:26'),
(57, 6, 1, '2024-11-24 18:37:30', '2024-11-24 18:37:30'),
(58, 6, 2, '2024-11-24 18:37:31', '2024-11-24 18:37:31'),
(59, 7, 1, '2024-11-24 18:37:33', '2024-11-24 18:37:33'),
(61, 8, 1, '2024-11-24 18:37:37', '2024-11-24 18:37:37'),
(62, 8, 2, '2024-11-24 18:37:37', '2024-11-24 18:37:37'),
(63, 7, 2, '2024-11-24 18:37:39', '2024-11-24 18:37:39'),
(64, 6, 3, '2024-11-24 18:37:41', '2024-11-24 18:37:41'),
(65, 6, 4, '2024-11-24 18:37:42', '2024-11-24 18:37:42'),
(66, 7, 3, '2024-11-24 18:37:44', '2024-11-24 18:37:44'),
(67, 7, 4, '2024-11-24 18:37:45', '2024-11-24 18:37:45'),
(68, 8, 4, '2024-11-24 18:37:47', '2024-11-24 18:37:47'),
(69, 8, 3, '2024-11-24 18:37:48', '2024-11-24 18:37:48'),
(70, 6, 5, '2024-11-24 18:37:51', '2024-11-24 18:37:51'),
(71, 6, 6, '2024-11-24 18:37:52', '2024-11-24 18:37:52'),
(72, 6, 7, '2024-11-24 18:37:55', '2024-11-24 18:37:55'),
(73, 6, 8, '2024-11-24 18:37:56', '2024-11-24 18:37:56'),
(74, 7, 8, '2024-11-24 18:37:59', '2024-11-24 18:37:59'),
(75, 7, 7, '2024-11-24 18:38:00', '2024-11-24 18:38:00'),
(76, 7, 6, '2024-11-24 18:38:01', '2024-11-24 18:38:01'),
(77, 7, 5, '2024-11-24 18:38:03', '2024-11-24 18:38:03'),
(78, 8, 5, '2024-11-24 18:38:04', '2024-11-24 18:38:04'),
(79, 8, 6, '2024-11-24 18:38:05', '2024-11-24 18:38:05'),
(80, 8, 7, '2024-11-24 18:38:07', '2024-11-24 18:38:07'),
(81, 8, 8, '2024-11-24 18:38:08', '2024-11-24 18:38:08'),
(82, 9, 1, '2024-11-24 18:38:12', '2024-11-24 18:38:12'),
(83, 9, 2, '2024-11-24 18:38:13', '2024-11-24 18:38:13'),
(84, 9, 3, '2024-11-24 18:38:15', '2024-11-24 18:38:15'),
(85, 9, 4, '2024-11-24 18:38:16', '2024-11-24 18:38:16'),
(86, 9, 5, '2024-11-24 18:38:17', '2024-11-24 18:38:17'),
(87, 9, 6, '2024-11-24 18:38:19', '2024-11-24 18:38:19'),
(88, 10, 6, '2024-11-24 18:38:21', '2024-11-24 18:38:21'),
(91, 10, 5, '2024-11-24 18:38:25', '2024-11-24 18:38:25'),
(95, 9, 7, '2024-11-24 18:38:37', '2024-11-24 18:38:37'),
(96, 9, 8, '2024-11-24 18:38:39', '2024-11-24 18:38:39'),
(97, 10, 7, '2024-11-24 18:38:41', '2024-11-24 18:38:41'),
(98, 10, 8, '2024-11-24 18:38:43', '2024-11-24 18:38:43'),
(101, 1, 23, '2024-11-24 18:40:15', '2024-11-24 18:40:15'),
(102, 3, 23, '2024-11-24 18:40:16', '2024-11-24 18:40:16'),
(103, 4, 23, '2024-11-24 18:40:20', '2024-11-24 18:40:20'),
(104, 5, 23, '2024-11-24 18:40:23', '2024-11-24 18:40:23'),
(105, 6, 9, '2024-11-24 18:44:00', '2024-11-24 18:44:00'),
(106, 7, 9, '2024-11-24 18:44:01', '2024-11-24 18:44:01'),
(107, 8, 9, '2024-11-24 18:44:02', '2024-11-24 18:44:02'),
(108, 9, 9, '2024-11-24 18:44:05', '2024-11-24 18:44:05'),
(109, 10, 9, '2024-11-24 18:44:07', '2024-11-24 18:44:07'),
(110, 6, 10, '2024-11-24 18:47:44', '2024-11-24 18:47:44'),
(111, 6, 11, '2024-11-24 18:47:45', '2024-11-24 18:47:45'),
(112, 6, 12, '2024-11-24 18:47:46', '2024-11-24 18:47:46'),
(113, 6, 13, '2024-11-24 18:47:46', '2024-11-24 18:47:46'),
(115, 7, 14, '2024-11-24 18:47:49', '2024-11-24 18:47:49'),
(116, 7, 13, '2024-11-24 18:47:50', '2024-11-24 18:47:50'),
(117, 7, 12, '2024-11-24 18:47:52', '2024-11-24 18:47:52'),
(118, 7, 11, '2024-11-24 18:47:52', '2024-11-24 18:47:52'),
(119, 7, 10, '2024-11-24 18:47:53', '2024-11-24 18:47:53'),
(120, 6, 14, '2024-11-24 18:47:56', '2024-11-24 18:47:56'),
(121, 8, 14, '2024-11-24 18:47:57', '2024-11-24 18:47:57'),
(122, 8, 13, '2024-11-24 18:47:58', '2024-11-24 18:47:58'),
(123, 8, 12, '2024-11-24 18:48:00', '2024-11-24 18:48:00'),
(124, 8, 11, '2024-11-24 18:48:00', '2024-11-24 18:48:00'),
(125, 8, 10, '2024-11-24 18:48:01', '2024-11-24 18:48:01'),
(126, 10, 1, '2024-11-24 18:48:06', '2024-11-24 18:48:06'),
(127, 10, 2, '2024-11-24 18:48:08', '2024-11-24 18:48:08'),
(128, 10, 3, '2024-11-24 18:48:16', '2024-11-24 18:48:16'),
(129, 10, 4, '2024-11-24 18:48:18', '2024-11-24 18:48:18'),
(130, 10, 11, '2024-11-24 18:48:26', '2024-11-24 18:48:26'),
(131, 10, 12, '2024-11-24 18:48:27', '2024-11-24 18:48:27'),
(132, 10, 13, '2024-11-24 18:48:28', '2024-11-24 18:48:28'),
(133, 10, 14, '2024-11-24 18:48:29', '2024-11-24 18:48:29'),
(134, 9, 13, '2024-11-24 18:48:32', '2024-11-24 18:48:32'),
(135, 9, 12, '2024-11-24 18:48:33', '2024-11-24 18:48:33'),
(136, 9, 11, '2024-11-24 18:48:33', '2024-11-24 18:48:33'),
(137, 9, 10, '2024-11-24 18:48:34', '2024-11-24 18:48:34'),
(138, 10, 10, '2024-11-24 18:48:37', '2024-11-24 18:48:37'),
(139, 9, 14, '2024-11-24 18:48:38', '2024-11-24 18:48:38'),
(140, 1, 32, '2024-11-24 18:53:54', '2024-11-24 18:53:54'),
(141, 1, 31, '2024-11-24 18:53:55', '2024-11-24 18:53:55'),
(142, 1, 30, '2024-11-24 18:53:57', '2024-11-24 18:53:57'),
(143, 1, 29, '2024-11-24 18:53:59', '2024-11-24 18:53:59'),
(144, 1, 28, '2024-11-24 18:54:00', '2024-11-24 18:54:00'),
(145, 2, 28, '2024-11-24 18:54:01', '2024-11-24 18:54:01'),
(146, 3, 28, '2024-11-24 18:54:02', '2024-11-24 18:54:02'),
(147, 3, 29, '2024-11-24 18:54:04', '2024-11-24 18:54:04'),
(148, 2, 29, '2024-11-24 18:54:05', '2024-11-24 18:54:05'),
(149, 2, 30, '2024-11-24 18:54:06', '2024-11-24 18:54:06'),
(150, 3, 30, '2024-11-24 18:54:09', '2024-11-24 18:54:09'),
(151, 3, 31, '2024-11-24 18:54:10', '2024-11-24 18:54:10'),
(152, 2, 31, '2024-11-24 18:54:11', '2024-11-24 18:54:11'),
(154, 2, 32, '2024-11-24 18:54:15', '2024-11-24 18:54:15'),
(155, 3, 32, '2024-11-24 18:54:16', '2024-11-24 18:54:16');

-- --------------------------------------------------------

--
-- Table structure for table `events`
--

CREATE TABLE `events` (
  `id` smallint(5) UNSIGNED NOT NULL,
  `category_id` tinyint(3) UNSIGNED NOT NULL,
  `slug` varchar(32) NOT NULL,
  `title` varchar(255) NOT NULL,
  `created_at` timestamp NOT NULL DEFAULT current_timestamp(),
  `updated_at` timestamp NOT NULL DEFAULT current_timestamp() ON UPDATE current_timestamp()
) ENGINE=InnoDB DEFAULT CHARSET=utf8mb4 COLLATE=utf8mb4_general_ci;

--
-- Dumping data for table `events`
--

INSERT INTO `events` (`id`, `category_id`, `slug`, `title`, `created_at`, `updated_at`) VALUES
(1, 1, 'production-1', '(M) PRODUCTION', '2023-04-23 09:27:10', '2023-05-03 06:09:03'),
(2, 1, 'sportswear-1', '(M) SPORTSWEAR', '2023-04-23 09:28:36', '2024-11-24 17:51:12'),
(3, 1, 'preliminary-interview-1', '(M) PRELIMINARY INTERVIEW', '2023-04-23 09:29:12', '2024-11-24 17:55:46'),
(4, 1, 'formal-wear-1', '(M) FORMAL WEAR', '2023-04-23 09:29:44', '2024-11-24 17:56:12'),
(5, 1, 'final-qa-1', '(M) FINAL Q&A', '2023-04-23 09:30:11', '2023-05-03 07:53:21'),
(6, 2, 'production-2', '(F) PRODUCTION', '2023-04-23 10:08:26', '2023-05-03 06:09:52'),
(7, 2, 'sportswear-2', '(F) SPORTSWEAR', '2023-04-23 10:08:43', '2024-11-24 17:58:45'),
(8, 2, 'preliminary-interview', '(F) PRELIMINARY INTERVIEW', '2023-04-23 10:09:14', '2024-11-24 17:59:18'),
(9, 2, 'formal-wear-2', '(F) FORMAL WEAR', '2023-04-23 10:09:48', '2024-11-24 17:59:55'),
(10, 2, 'final-qa-2', '(F) FINAL Q&A', '2023-04-23 10:10:04', '2023-05-03 07:53:27');

-- --------------------------------------------------------

--
-- Table structure for table `judges`
--

CREATE TABLE `judges` (
  `id` tinyint(3) UNSIGNED NOT NULL,
  `number` tinyint(3) UNSIGNED NOT NULL,
  `name` varchar(255) NOT NULL,
  `avatar` varchar(255) DEFAULT NULL,
  `username` varchar(255) NOT NULL,
  `password` varchar(255) NOT NULL,
  `active_portion` varchar(255) DEFAULT NULL,
  `called_at` timestamp NULL DEFAULT NULL,
  `pinged_at` timestamp NULL DEFAULT NULL,
  `created_at` timestamp NOT NULL DEFAULT current_timestamp(),
  `updated_at` timestamp NOT NULL DEFAULT current_timestamp() ON UPDATE current_timestamp()
) ENGINE=InnoDB DEFAULT CHARSET=utf8mb4 COLLATE=utf8mb4_general_ci;

--
-- Dumping data for table `judges`
--

INSERT INTO `judges` (`id`, `number`, `name`, `avatar`, `username`, `password`, `active_portion`, `called_at`, `pinged_at`, `created_at`, `updated_at`) VALUES
(1, 1, 'Judge 01', 'no-avatar.jpg', 'judge01', 'judge01', NULL, NULL, NULL, '2023-04-06 13:58:11', '2024-11-24 17:44:31'),
(2, 2, 'Judge 02', 'no-avatar.jpg', 'judge02', 'judge02', NULL, NULL, NULL, '2023-04-06 13:58:28', '2024-11-24 17:44:31'),
(3, 3, 'Judge 03', 'no-avatar.jpg', 'judge03', 'judge03', NULL, NULL, NULL, '2023-04-06 13:58:42', '2024-11-24 17:44:31'),
(4, 4, 'Judge 04', 'no-avatar.jpg', 'judge04', 'judge04', NULL, NULL, NULL, '2023-04-06 13:59:26', '2024-11-24 17:44:31'),
(5, 5, 'Judge 05', 'no-avatar.jpg', 'judge05', 'judge05', NULL, NULL, NULL, '2023-04-06 14:00:00', '2024-11-24 17:44:31'),
(6, 6, 'Judge 06', 'no-avatar.jpg', 'judge06', 'judge06', NULL, NULL, NULL, '2024-11-24 18:27:51', '2024-11-24 18:27:51'),
(7, 7, 'Judge 07', 'no-avatar.jpg', 'juge07', 'judge07', NULL, NULL, NULL, '2024-11-24 18:28:18', '2024-11-24 18:28:18');

-- --------------------------------------------------------

--
-- Table structure for table `judge_event`
--

CREATE TABLE `judge_event` (
  `id` tinyint(3) UNSIGNED NOT NULL,
  `judge_id` tinyint(3) UNSIGNED NOT NULL,
  `event_id` smallint(5) UNSIGNED NOT NULL,
  `is_chairman` tinyint(1) NOT NULL DEFAULT 0,
  `active_team_id` tinyint(3) UNSIGNED NOT NULL,
  `has_active_team` tinyint(1) NOT NULL DEFAULT 0,
  `created_at` timestamp NOT NULL DEFAULT current_timestamp(),
  `updated_at` timestamp NOT NULL DEFAULT current_timestamp() ON UPDATE current_timestamp()
) ENGINE=InnoDB DEFAULT CHARSET=utf8mb4 COLLATE=utf8mb4_general_ci;

--
-- Dumping data for table `judge_event`
--

INSERT INTO `judge_event` (`id`, `judge_id`, `event_id`, `is_chairman`, `active_team_id`, `has_active_team`, `created_at`, `updated_at`) VALUES
(1, 1, 1, 0, 1, 0, '2024-11-25 00:10:35', '2024-11-25 00:10:35'),
(2, 1, 2, 0, 1, 0, '2024-11-25 00:10:35', '2024-11-25 00:10:35'),
(3, 1, 3, 0, 1, 0, '2024-11-25 00:10:35', '2024-11-25 00:10:35'),
(4, 1, 4, 0, 1, 0, '2024-11-25 00:10:35', '2024-11-25 00:10:35'),
(5, 1, 5, 0, 1, 0, '2024-11-25 00:10:35', '2024-11-25 00:10:35'),
(6, 1, 6, 0, 1, 0, '2024-11-25 00:10:35', '2024-11-25 00:10:35'),
(7, 1, 7, 0, 1, 0, '2024-11-25 00:10:35', '2024-11-25 00:10:35'),
(8, 1, 8, 0, 1, 0, '2024-11-25 00:10:35', '2024-11-25 00:10:35'),
(9, 1, 9, 0, 1, 0, '2024-11-25 00:10:35', '2024-11-25 00:10:35'),
(10, 1, 10, 0, 1, 0, '2024-11-25 00:10:35', '2024-11-25 00:10:35'),
(11, 2, 1, 0, 1, 0, '2024-11-25 00:10:35', '2024-11-25 00:10:35'),
(12, 2, 2, 0, 1, 0, '2024-11-25 00:10:35', '2024-11-25 00:10:35'),
(13, 2, 3, 0, 1, 0, '2024-11-25 00:10:35', '2024-11-25 00:10:35'),
(14, 2, 4, 0, 1, 0, '2024-11-25 00:10:35', '2024-11-25 00:10:35'),
(15, 2, 5, 0, 1, 0, '2024-11-25 00:10:35', '2024-11-25 00:10:35'),
(16, 2, 6, 0, 1, 0, '2024-11-25 00:10:35', '2024-11-25 00:10:35'),
(17, 2, 7, 0, 1, 0, '2024-11-25 00:10:35', '2024-11-25 00:10:35'),
(18, 2, 8, 0, 1, 0, '2024-11-25 00:10:35', '2024-11-25 00:10:35'),
(19, 2, 9, 0, 1, 0, '2024-11-25 00:10:35', '2024-11-25 00:10:35'),
(20, 2, 10, 0, 1, 0, '2024-11-25 00:10:35', '2024-11-25 00:10:35'),
(21, 3, 1, 0, 1, 0, '2024-11-25 00:10:35', '2024-11-25 00:10:35'),
(22, 3, 2, 0, 1, 0, '2024-11-25 00:10:35', '2024-11-25 00:10:35'),
(23, 3, 3, 0, 1, 0, '2024-11-25 00:10:35', '2024-11-25 00:10:35'),
(24, 3, 4, 0, 1, 0, '2024-11-25 00:10:35', '2024-11-25 00:10:35'),
(25, 3, 5, 0, 1, 0, '2024-11-25 00:10:35', '2024-11-25 00:10:35'),
(26, 3, 6, 0, 1, 0, '2024-11-25 00:10:35', '2024-11-25 00:10:35'),
(27, 3, 7, 0, 1, 0, '2024-11-25 00:10:35', '2024-11-25 00:10:35'),
(28, 3, 8, 0, 1, 0, '2024-11-25 00:10:35', '2024-11-25 00:10:35'),
(29, 3, 9, 0, 1, 0, '2024-11-25 00:10:35', '2024-11-25 00:10:35'),
(30, 3, 10, 0, 1, 0, '2024-11-25 00:10:35', '2024-11-25 00:10:35'),
(31, 4, 1, 0, 1, 0, '2024-11-25 00:10:35', '2024-11-25 00:10:35'),
(32, 4, 2, 0, 1, 0, '2024-11-25 00:10:35', '2024-11-25 00:10:35'),
(33, 4, 3, 0, 1, 0, '2024-11-25 00:10:35', '2024-11-25 00:10:35'),
(34, 4, 4, 0, 1, 0, '2024-11-25 00:10:35', '2024-11-25 00:10:35'),
(35, 4, 5, 0, 1, 0, '2024-11-25 00:10:35', '2024-11-25 00:10:35'),
(36, 4, 6, 0, 1, 0, '2024-11-25 00:10:35', '2024-11-25 00:10:35'),
(37, 4, 7, 0, 1, 0, '2024-11-25 00:10:35', '2024-11-25 00:10:35'),
(38, 4, 8, 0, 1, 0, '2024-11-25 00:10:35', '2024-11-25 00:10:35'),
(39, 4, 9, 0, 1, 0, '2024-11-25 00:10:35', '2024-11-25 00:10:35'),
(40, 4, 10, 0, 1, 0, '2024-11-25 00:10:35', '2024-11-25 00:10:35'),
(41, 5, 1, 0, 1, 0, '2024-11-25 00:10:35', '2024-11-25 00:10:35'),
(42, 5, 2, 0, 1, 0, '2024-11-25 00:10:35', '2024-11-25 00:10:35'),
(43, 5, 3, 0, 1, 0, '2024-11-25 00:10:35', '2024-11-25 00:10:35'),
(44, 5, 4, 0, 1, 0, '2024-11-25 00:10:35', '2024-11-25 00:10:35'),
(45, 5, 5, 0, 1, 0, '2024-11-25 00:10:35', '2024-11-25 00:10:35'),
(46, 5, 6, 0, 1, 0, '2024-11-25 00:10:35', '2024-11-25 00:10:35'),
(47, 5, 7, 0, 1, 0, '2024-11-25 00:10:35', '2024-11-25 00:10:35'),
(48, 5, 8, 0, 1, 0, '2024-11-25 00:10:35', '2024-11-25 00:10:35'),
(49, 5, 9, 0, 1, 0, '2024-11-25 00:10:35', '2024-11-25 00:10:35'),
(50, 5, 10, 0, 1, 0, '2024-11-25 00:10:35', '2024-11-25 00:10:35'),
(51, 6, 1, 0, 1, 0, '2024-11-25 00:10:35', '2024-11-25 00:10:35'),
(52, 6, 2, 0, 1, 0, '2024-11-25 00:10:35', '2024-11-25 00:10:35'),
(53, 6, 3, 0, 1, 0, '2024-11-25 00:10:35', '2024-11-25 00:10:35'),
(54, 6, 4, 0, 1, 0, '2024-11-25 00:10:35', '2024-11-25 00:10:35'),
(55, 6, 5, 0, 1, 0, '2024-11-25 00:10:35', '2024-11-25 00:10:35'),
(56, 6, 6, 0, 1, 0, '2024-11-25 00:10:35', '2024-11-25 00:10:35'),
(57, 6, 7, 0, 1, 0, '2024-11-25 00:10:35', '2024-11-25 00:10:35'),
(58, 6, 8, 0, 1, 0, '2024-11-25 00:10:35', '2024-11-25 00:10:35'),
(59, 6, 9, 0, 1, 0, '2024-11-25 00:10:35', '2024-11-25 00:10:35'),
(60, 6, 10, 0, 1, 0, '2024-11-25 00:10:35', '2024-11-25 00:10:35'),
(61, 7, 1, 0, 1, 0, '2024-11-25 00:10:35', '2024-11-25 00:10:35'),
(62, 7, 2, 0, 1, 0, '2024-11-25 00:10:35', '2024-11-25 00:10:35'),
(63, 7, 3, 0, 1, 0, '2024-11-25 00:10:35', '2024-11-25 00:10:35'),
(64, 7, 4, 0, 1, 0, '2024-11-25 00:10:35', '2024-11-25 00:10:35'),
(65, 7, 5, 0, 1, 0, '2024-11-25 00:10:35', '2024-11-25 00:10:35'),
(66, 7, 6, 0, 1, 0, '2024-11-25 00:10:35', '2024-11-25 00:10:35'),
(67, 7, 7, 0, 1, 0, '2024-11-25 00:10:35', '2024-11-25 00:10:35'),
(68, 7, 8, 0, 1, 0, '2024-11-25 00:10:35', '2024-11-25 00:10:35'),
(69, 7, 9, 0, 1, 0, '2024-11-25 00:10:35', '2024-11-25 00:10:35'),
(70, 7, 10, 0, 1, 0, '2024-11-25 00:10:35', '2024-11-25 00:10:35');

-- --------------------------------------------------------

--
-- Table structure for table `noshows`
--

CREATE TABLE `noshows` (
  `id` smallint(5) UNSIGNED NOT NULL,
  `event_id` smallint(5) UNSIGNED NOT NULL,
  `team_id` tinyint(3) UNSIGNED NOT NULL,
  `created_at` timestamp NOT NULL DEFAULT current_timestamp(),
  `updated_at` timestamp NOT NULL DEFAULT current_timestamp() ON UPDATE current_timestamp()
) ENGINE=InnoDB DEFAULT CHARSET=utf8mb4 COLLATE=utf8mb4_general_ci;

-- --------------------------------------------------------

--
-- Table structure for table `participants`
--

CREATE TABLE `participants` (
  `id` smallint(5) UNSIGNED NOT NULL,
  `team_id` tinyint(3) UNSIGNED NOT NULL,
  `event_id` smallint(5) UNSIGNED NOT NULL,
  `number` smallint(5) UNSIGNED NOT NULL,
  `first_name` varchar(255) NOT NULL,
  `middle_name` varchar(255) DEFAULT NULL,
  `last_name` varchar(255) NOT NULL,
  `gender` enum('male','female') NOT NULL,
  `avatar` varchar(255) DEFAULT NULL,
  `created_at` timestamp NOT NULL DEFAULT current_timestamp(),
  `updated_at` timestamp NOT NULL DEFAULT current_timestamp() ON UPDATE current_timestamp()
) ENGINE=InnoDB DEFAULT CHARSET=utf8mb4 COLLATE=utf8mb4_general_ci;

-- --------------------------------------------------------

--
-- Table structure for table `points`
--

CREATE TABLE `points` (
  `id` smallint(5) UNSIGNED NOT NULL,
  `event_id` smallint(5) UNSIGNED NOT NULL,
  `rank` tinyint(3) UNSIGNED NOT NULL,
  `value` float UNSIGNED NOT NULL,
  `created_at` timestamp NOT NULL DEFAULT current_timestamp(),
  `updated_at` timestamp NOT NULL DEFAULT current_timestamp() ON UPDATE current_timestamp()
) ENGINE=InnoDB DEFAULT CHARSET=utf8mb4 COLLATE=utf8mb4_general_ci;

--
-- Dumping data for table `points`
--

INSERT INTO `points` (`id`, `event_id`, `rank`, `value`, `created_at`, `updated_at`) VALUES
(1, 1, 1, 0, '2023-04-23 09:44:08', '2023-04-23 09:44:08'),
(2, 1, 2, 0, '2023-04-23 09:44:08', '2023-04-23 09:44:08'),
(3, 1, 3, 0, '2023-04-23 09:44:08', '2023-04-23 09:44:08'),
(4, 1, 4, 0, '2023-04-23 09:44:08', '2023-04-23 09:44:08'),
(5, 1, 5, 0, '2023-04-23 09:44:08', '2023-04-23 09:44:08'),
(6, 1, 6, 0, '2023-04-23 09:44:08', '2023-04-23 09:44:08'),
(7, 1, 7, 0, '2023-04-23 09:44:08', '2023-04-23 09:44:08'),
(8, 1, 8, 0, '2023-04-23 09:44:08', '2023-04-23 09:44:08'),
(9, 1, 9, 0, '2023-04-23 09:44:08', '2023-04-23 09:44:08'),
(10, 1, 10, 0, '2023-04-23 09:44:08', '2023-04-23 09:44:08'),
(11, 1, 11, 0, '2023-04-23 09:44:08', '2023-04-23 09:44:08'),
(12, 1, 12, 0, '2023-04-23 09:44:08', '2023-04-23 09:44:08'),
(13, 1, 13, 0, '2023-04-23 09:44:08', '2023-04-23 09:44:08'),
(14, 1, 14, 0, '2023-04-23 09:44:08', '2023-04-23 09:44:08'),
(15, 1, 15, 0, '2023-04-23 09:44:08', '2023-04-23 09:44:08'),
(16, 1, 16, 0, '2023-04-23 09:44:08', '2023-04-23 09:44:08'),
(17, 2, 1, 0, '2023-04-23 09:44:08', '2023-04-23 09:44:08'),
(18, 2, 2, 0, '2023-04-23 09:44:08', '2023-04-23 09:44:08'),
(19, 2, 3, 0, '2023-04-23 09:44:08', '2023-04-23 09:44:08'),
(20, 2, 4, 0, '2023-04-23 09:44:08', '2023-04-23 09:44:08'),
(21, 2, 5, 0, '2023-04-23 09:44:08', '2023-04-23 09:44:08'),
(22, 2, 6, 0, '2023-04-23 09:44:08', '2023-04-23 09:44:08'),
(23, 2, 7, 0, '2023-04-23 09:44:08', '2023-04-23 09:44:08'),
(24, 2, 8, 0, '2023-04-23 09:44:08', '2023-04-23 09:44:08'),
(25, 2, 9, 0, '2023-04-23 09:44:08', '2023-04-23 09:44:08'),
(26, 2, 10, 0, '2023-04-23 09:44:08', '2023-04-23 09:44:08'),
(27, 2, 11, 0, '2023-04-23 09:44:08', '2023-04-23 09:44:08'),
(28, 2, 12, 0, '2023-04-23 09:44:08', '2023-04-23 09:44:08'),
(29, 2, 13, 0, '2023-04-23 09:44:08', '2023-04-23 09:44:08'),
(30, 2, 14, 0, '2023-04-23 09:44:08', '2023-04-23 09:44:08'),
(31, 2, 15, 0, '2023-04-23 09:44:08', '2023-04-23 09:44:08'),
(32, 2, 16, 0, '2023-04-23 09:44:08', '2023-04-23 09:44:08'),
(33, 3, 1, 0, '2023-04-23 09:44:08', '2023-04-23 09:44:08'),
(34, 3, 2, 0, '2023-04-23 09:44:08', '2023-04-23 09:44:08'),
(35, 3, 3, 0, '2023-04-23 09:44:08', '2023-04-23 09:44:08'),
(36, 3, 4, 0, '2023-04-23 09:44:08', '2023-04-23 09:44:08'),
(37, 3, 5, 0, '2023-04-23 09:44:08', '2023-04-23 09:44:08'),
(38, 3, 6, 0, '2023-04-23 09:44:08', '2023-04-23 09:44:08'),
(39, 3, 7, 0, '2023-04-23 09:44:08', '2023-04-23 09:44:08'),
(40, 3, 8, 0, '2023-04-23 09:44:08', '2023-04-23 09:44:08'),
(41, 3, 9, 0, '2023-04-23 09:44:08', '2023-04-23 09:44:08'),
(42, 3, 10, 0, '2023-04-23 09:44:08', '2023-04-23 09:44:08'),
(43, 3, 11, 0, '2023-04-23 09:44:08', '2023-04-23 09:44:08'),
(44, 3, 12, 0, '2023-04-23 09:44:08', '2023-04-23 09:44:08'),
(45, 3, 13, 0, '2023-04-23 09:44:08', '2023-04-23 09:44:08'),
(46, 3, 14, 0, '2023-04-23 09:44:08', '2023-04-23 09:44:08'),
(47, 3, 15, 0, '2023-04-23 09:44:08', '2023-04-23 09:44:08'),
(48, 3, 16, 0, '2023-04-23 09:44:08', '2023-04-23 09:44:08'),
(49, 4, 1, 0, '2023-04-23 09:44:08', '2023-04-23 09:44:08'),
(50, 4, 2, 0, '2023-04-23 09:44:08', '2023-04-23 09:44:08'),
(51, 4, 3, 0, '2023-04-23 09:44:09', '2023-04-23 09:44:09'),
(52, 4, 4, 0, '2023-04-23 09:44:09', '2023-04-23 09:44:09'),
(53, 4, 5, 0, '2023-04-23 09:44:09', '2023-04-23 09:44:09'),
(54, 4, 6, 0, '2023-04-23 09:44:09', '2023-04-23 09:44:09'),
(55, 4, 7, 0, '2023-04-23 09:44:09', '2023-04-23 09:44:09'),
(56, 4, 8, 0, '2023-04-23 09:44:09', '2023-04-23 09:44:09'),
(57, 4, 9, 0, '2023-04-23 09:44:09', '2023-04-23 09:44:09'),
(58, 4, 10, 0, '2023-04-23 09:44:09', '2023-04-23 09:44:09'),
(59, 4, 11, 0, '2023-04-23 09:44:09', '2023-04-23 09:44:09'),
(60, 4, 12, 0, '2023-04-23 09:44:09', '2023-04-23 09:44:09'),
(61, 4, 13, 0, '2023-04-23 09:44:09', '2023-04-23 09:44:09'),
(62, 4, 14, 0, '2023-04-23 09:44:09', '2023-04-23 09:44:09'),
(63, 4, 15, 0, '2023-04-23 09:44:09', '2023-04-23 09:44:09'),
(64, 4, 16, 0, '2023-04-23 09:44:09', '2023-04-23 09:44:09'),
(65, 5, 1, 0, '2023-04-23 09:44:09', '2023-04-23 09:44:09'),
(66, 5, 2, 0, '2023-04-23 09:44:09', '2023-04-23 09:44:09'),
(67, 5, 3, 0, '2023-04-23 09:44:09', '2023-04-23 09:44:09'),
(68, 5, 4, 0, '2023-04-23 09:44:09', '2023-04-23 09:44:09'),
(69, 5, 5, 0, '2023-04-23 09:44:09', '2023-04-23 09:44:09'),
(70, 5, 6, 0, '2023-04-23 09:44:09', '2023-04-23 09:44:09'),
(71, 5, 7, 0, '2023-04-23 09:44:09', '2023-04-23 09:44:09'),
(72, 5, 8, 0, '2023-04-23 09:44:09', '2023-04-23 09:44:09'),
(73, 5, 9, 0, '2023-04-23 09:44:09', '2023-04-23 09:44:09'),
(74, 5, 10, 0, '2023-04-23 09:44:09', '2023-04-23 09:44:09'),
(75, 5, 11, 0, '2023-04-23 09:44:09', '2023-04-23 09:44:09'),
(76, 5, 12, 0, '2023-04-23 09:44:09', '2023-04-23 09:44:09'),
(77, 5, 13, 0, '2023-04-23 09:44:09', '2023-04-23 09:44:09'),
(78, 5, 14, 0, '2023-04-23 09:44:09', '2023-04-23 09:44:09'),
(79, 5, 15, 0, '2023-04-23 09:44:09', '2023-04-23 09:44:09'),
(80, 5, 16, 0, '2023-04-23 09:44:09', '2023-04-23 09:44:09');

-- --------------------------------------------------------

--
-- Table structure for table `ratings`
--

CREATE TABLE `ratings` (
  `id` mediumint(8) UNSIGNED NOT NULL,
  `judge_id` tinyint(3) UNSIGNED NOT NULL,
  `criteria_id` smallint(5) UNSIGNED NOT NULL,
  `team_id` tinyint(3) UNSIGNED NOT NULL,
  `value` float UNSIGNED NOT NULL DEFAULT 0,
  `is_locked` tinyint(1) NOT NULL DEFAULT 0,
  `created_at` timestamp NOT NULL DEFAULT current_timestamp(),
  `updated_at` timestamp NOT NULL DEFAULT current_timestamp() ON UPDATE current_timestamp()
) ENGINE=InnoDB DEFAULT CHARSET=utf8mb4 COLLATE=utf8mb4_general_ci;

--
-- Dumping data for table `ratings`
--

INSERT INTO `ratings` (`id`, `judge_id`, `criteria_id`, `team_id`, `value`, `is_locked`, `created_at`, `updated_at`) VALUES
(1, 1, 1, 1, 0, 0, '2024-11-24 17:44:28', '2024-11-24 17:44:28'),
(2, 1, 2, 1, 0, 0, '2024-11-24 17:44:28', '2024-11-24 17:44:28'),
(3, 1, 3, 1, 0, 0, '2024-11-24 17:44:28', '2024-11-24 17:44:28'),
(5, 1, 1, 2, 0, 0, '2024-11-24 17:44:28', '2024-11-24 17:44:28'),
(6, 1, 2, 2, 0, 0, '2024-11-24 17:44:28', '2024-11-24 17:44:28'),
(7, 1, 3, 2, 0, 0, '2024-11-24 17:44:28', '2024-11-24 17:44:28'),
(9, 1, 1, 3, 0, 0, '2024-11-24 17:44:28', '2024-11-24 17:44:28'),
(10, 1, 2, 3, 0, 0, '2024-11-24 17:44:28', '2024-11-24 17:44:28'),
(11, 1, 3, 3, 0, 0, '2024-11-24 17:44:28', '2024-11-24 17:44:28'),
(13, 1, 1, 4, 0, 0, '2024-11-24 17:44:28', '2024-11-24 17:44:28'),
(14, 1, 2, 4, 0, 0, '2024-11-24 17:44:28', '2024-11-24 17:44:28'),
(15, 1, 3, 4, 0, 0, '2024-11-24 17:44:28', '2024-11-24 17:44:28'),
(17, 1, 1, 5, 0, 0, '2024-11-24 17:44:28', '2024-11-24 17:44:28'),
(18, 1, 2, 5, 0, 0, '2024-11-24 17:44:28', '2024-11-24 17:44:28'),
(19, 1, 3, 5, 0, 0, '2024-11-24 17:44:28', '2024-11-24 17:44:28'),
(21, 1, 1, 6, 0, 0, '2024-11-24 17:44:28', '2024-11-24 17:44:28'),
(22, 1, 2, 6, 0, 0, '2024-11-24 17:44:28', '2024-11-24 17:44:28'),
(23, 1, 3, 6, 0, 0, '2024-11-24 17:44:28', '2024-11-24 17:44:28'),
(25, 1, 1, 7, 0, 0, '2024-11-24 17:44:28', '2024-11-24 17:44:28'),
(26, 1, 2, 7, 0, 0, '2024-11-24 17:44:28', '2024-11-24 17:44:28'),
(27, 1, 3, 7, 0, 0, '2024-11-24 17:44:28', '2024-11-24 17:44:28'),
(29, 1, 1, 8, 0, 0, '2024-11-24 17:44:28', '2024-11-24 17:44:28'),
(30, 1, 2, 8, 0, 0, '2024-11-24 17:44:28', '2024-11-24 17:44:28'),
(31, 1, 3, 8, 0, 0, '2024-11-24 17:44:28', '2024-11-24 17:44:28'),
(33, 1, 1, 23, 0, 0, '2024-11-24 17:44:28', '2024-11-24 17:44:28'),
(34, 1, 2, 23, 0, 0, '2024-11-24 17:44:28', '2024-11-24 17:44:28'),
(35, 1, 3, 23, 0, 0, '2024-11-24 17:44:28', '2024-11-24 17:44:28'),
(37, 2, 1, 1, 0, 0, '2024-11-24 17:44:28', '2024-11-24 17:44:28'),
(38, 2, 2, 1, 0, 0, '2024-11-24 17:44:28', '2024-11-24 17:44:28'),
(39, 2, 3, 1, 0, 0, '2024-11-24 17:44:28', '2024-11-24 17:44:28'),
(41, 2, 1, 2, 0, 0, '2024-11-24 17:44:28', '2024-11-24 17:44:28'),
(42, 2, 2, 2, 0, 0, '2024-11-24 17:44:28', '2024-11-24 17:44:28'),
(43, 2, 3, 2, 0, 0, '2024-11-24 17:44:29', '2024-11-24 17:44:29'),
(45, 2, 1, 3, 0, 0, '2024-11-24 17:44:29', '2024-11-24 17:44:29'),
(46, 2, 2, 3, 0, 0, '2024-11-24 17:44:29', '2024-11-24 17:44:29'),
(47, 2, 3, 3, 0, 0, '2024-11-24 17:44:29', '2024-11-24 17:44:29'),
(49, 2, 1, 4, 0, 0, '2024-11-24 17:44:29', '2024-11-24 17:44:29'),
(50, 2, 2, 4, 0, 0, '2024-11-24 17:44:29', '2024-11-24 17:44:29'),
(51, 2, 3, 4, 0, 0, '2024-11-24 17:44:29', '2024-11-24 17:44:29'),
(53, 2, 1, 5, 0, 0, '2024-11-24 17:44:29', '2024-11-24 17:44:29'),
(54, 2, 2, 5, 0, 0, '2024-11-24 17:44:29', '2024-11-24 17:44:29'),
(55, 2, 3, 5, 0, 0, '2024-11-24 17:44:29', '2024-11-24 17:44:29'),
(57, 2, 1, 6, 0, 0, '2024-11-24 17:44:29', '2024-11-24 17:44:29'),
(58, 2, 2, 6, 0, 0, '2024-11-24 17:44:29', '2024-11-24 17:44:29'),
(59, 2, 3, 6, 0, 0, '2024-11-24 17:44:29', '2024-11-24 17:44:29'),
(61, 2, 1, 7, 0, 0, '2024-11-24 17:44:29', '2024-11-24 17:44:29'),
(62, 2, 2, 7, 0, 0, '2024-11-24 17:44:29', '2024-11-24 17:44:29'),
(63, 2, 3, 7, 0, 0, '2024-11-24 17:44:29', '2024-11-24 17:44:29'),
(65, 2, 1, 8, 0, 0, '2024-11-24 17:44:29', '2024-11-24 17:44:29'),
(66, 2, 2, 8, 0, 0, '2024-11-24 17:44:29', '2024-11-24 17:44:29'),
(67, 2, 3, 8, 0, 0, '2024-11-24 17:44:29', '2024-11-24 17:44:29'),
(69, 2, 1, 23, 0, 0, '2024-11-24 17:44:29', '2024-11-24 17:44:29'),
(70, 2, 2, 23, 0, 0, '2024-11-24 17:44:29', '2024-11-24 17:44:29'),
(71, 2, 3, 23, 0, 0, '2024-11-24 17:44:29', '2024-11-24 17:44:29'),
(73, 3, 1, 1, 0, 0, '2024-11-24 17:44:29', '2024-11-24 17:44:29'),
(74, 3, 2, 1, 0, 0, '2024-11-24 17:44:29', '2024-11-24 17:44:29'),
(75, 3, 3, 1, 0, 0, '2024-11-24 17:44:29', '2024-11-24 17:44:29'),
(77, 3, 1, 2, 0, 0, '2024-11-24 17:44:29', '2024-11-24 17:44:29'),
(78, 3, 2, 2, 0, 0, '2024-11-24 17:44:29', '2024-11-24 17:44:29'),
(79, 3, 3, 2, 0, 0, '2024-11-24 17:44:29', '2024-11-24 17:44:29'),
(81, 3, 1, 3, 0, 0, '2024-11-24 17:44:29', '2024-11-24 17:44:29'),
(82, 3, 2, 3, 0, 0, '2024-11-24 17:44:29', '2024-11-24 17:44:29'),
(83, 3, 3, 3, 0, 0, '2024-11-24 17:44:29', '2024-11-24 17:44:29'),
(85, 3, 1, 4, 0, 0, '2024-11-24 17:44:29', '2024-11-24 17:44:29'),
(86, 3, 2, 4, 0, 0, '2024-11-24 17:44:29', '2024-11-24 17:44:29'),
(87, 3, 3, 4, 0, 0, '2024-11-24 17:44:29', '2024-11-24 17:44:29'),
(89, 3, 1, 5, 0, 0, '2024-11-24 17:44:29', '2024-11-24 17:44:29'),
(90, 3, 2, 5, 0, 0, '2024-11-24 17:44:29', '2024-11-24 17:44:29'),
(91, 3, 3, 5, 0, 0, '2024-11-24 17:44:29', '2024-11-24 17:44:29'),
(93, 3, 1, 6, 0, 0, '2024-11-24 17:44:29', '2024-11-24 17:44:29'),
(94, 3, 2, 6, 0, 0, '2024-11-24 17:44:29', '2024-11-24 17:44:29'),
(95, 3, 3, 6, 0, 0, '2024-11-24 17:44:29', '2024-11-24 17:44:29'),
(97, 3, 1, 7, 0, 0, '2024-11-24 17:44:29', '2024-11-24 17:44:29'),
(98, 3, 2, 7, 0, 0, '2024-11-24 17:44:29', '2024-11-24 17:44:29'),
(99, 3, 3, 7, 0, 0, '2024-11-24 17:44:29', '2024-11-24 17:44:29'),
(101, 3, 1, 8, 0, 0, '2024-11-24 17:44:29', '2024-11-24 17:44:29'),
(102, 3, 2, 8, 0, 0, '2024-11-24 17:44:29', '2024-11-24 17:44:29'),
(103, 3, 3, 8, 0, 0, '2024-11-24 17:44:29', '2024-11-24 17:44:29'),
(105, 3, 1, 23, 0, 0, '2024-11-24 17:44:30', '2024-11-24 17:44:30'),
(106, 3, 2, 23, 0, 0, '2024-11-24 17:44:30', '2024-11-24 17:44:30'),
(107, 3, 3, 23, 0, 0, '2024-11-24 17:44:30', '2024-11-24 17:44:30'),
(109, 4, 1, 1, 0, 0, '2024-11-24 17:44:30', '2024-11-24 17:44:30'),
(110, 4, 2, 1, 0, 0, '2024-11-24 17:44:30', '2024-11-24 17:44:30'),
(111, 4, 3, 1, 0, 0, '2024-11-24 17:44:30', '2024-11-24 17:44:30'),
(113, 4, 1, 2, 0, 0, '2024-11-24 17:44:30', '2024-11-24 17:44:30'),
(114, 4, 2, 2, 0, 0, '2024-11-24 17:44:30', '2024-11-24 17:44:30'),
(115, 4, 3, 2, 0, 0, '2024-11-24 17:44:30', '2024-11-24 17:44:30'),
(117, 4, 1, 3, 0, 0, '2024-11-24 17:44:30', '2024-11-24 17:44:30'),
(118, 4, 2, 3, 0, 0, '2024-11-24 17:44:30', '2024-11-24 17:44:30'),
(119, 4, 3, 3, 0, 0, '2024-11-24 17:44:30', '2024-11-24 17:44:30'),
(121, 4, 1, 4, 0, 0, '2024-11-24 17:44:30', '2024-11-24 17:44:30'),
(122, 4, 2, 4, 0, 0, '2024-11-24 17:44:30', '2024-11-24 17:44:30'),
(123, 4, 3, 4, 0, 0, '2024-11-24 17:44:30', '2024-11-24 17:44:30'),
(125, 4, 1, 5, 0, 0, '2024-11-24 17:44:30', '2024-11-24 17:44:30'),
(126, 4, 2, 5, 0, 0, '2024-11-24 17:44:30', '2024-11-24 17:44:30'),
(127, 4, 3, 5, 0, 0, '2024-11-24 17:44:30', '2024-11-24 17:44:30'),
(129, 4, 1, 6, 0, 0, '2024-11-24 17:44:30', '2024-11-24 17:44:30'),
(130, 4, 2, 6, 0, 0, '2024-11-24 17:44:30', '2024-11-24 17:44:30'),
(131, 4, 3, 6, 0, 0, '2024-11-24 17:44:30', '2024-11-24 17:44:30'),
(133, 4, 1, 7, 0, 0, '2024-11-24 17:44:30', '2024-11-24 17:44:30'),
(134, 4, 2, 7, 0, 0, '2024-11-24 17:44:30', '2024-11-24 17:44:30'),
(135, 4, 3, 7, 0, 0, '2024-11-24 17:44:30', '2024-11-24 17:44:30'),
(137, 4, 1, 8, 0, 0, '2024-11-24 17:44:30', '2024-11-24 17:44:30'),
(138, 4, 2, 8, 0, 0, '2024-11-24 17:44:30', '2024-11-24 17:44:30'),
(139, 4, 3, 8, 0, 0, '2024-11-24 17:44:30', '2024-11-24 17:44:30'),
(141, 4, 1, 23, 0, 0, '2024-11-24 17:44:30', '2024-11-24 17:44:30'),
(142, 4, 2, 23, 0, 0, '2024-11-24 17:44:30', '2024-11-24 17:44:30'),
(143, 4, 3, 23, 0, 0, '2024-11-24 17:44:30', '2024-11-24 17:44:30'),
(145, 5, 1, 1, 0, 0, '2024-11-24 17:44:30', '2024-11-24 17:44:30'),
(146, 5, 2, 1, 0, 0, '2024-11-24 17:44:30', '2024-11-24 17:44:30'),
(147, 5, 3, 1, 0, 0, '2024-11-24 17:44:30', '2024-11-24 17:44:30'),
(149, 5, 1, 2, 0, 0, '2024-11-24 17:44:30', '2024-11-24 17:44:30'),
(150, 5, 2, 2, 0, 0, '2024-11-24 17:44:30', '2024-11-24 17:44:30'),
(151, 5, 3, 2, 0, 0, '2024-11-24 17:44:30', '2024-11-24 17:44:30'),
(153, 5, 1, 3, 0, 0, '2024-11-24 17:44:30', '2024-11-24 17:44:30'),
(154, 5, 2, 3, 0, 0, '2024-11-24 17:44:30', '2024-11-24 17:44:30'),
(155, 5, 3, 3, 0, 0, '2024-11-24 17:44:30', '2024-11-24 17:44:30'),
(157, 5, 1, 4, 0, 0, '2024-11-24 17:44:30', '2024-11-24 17:44:30'),
(158, 5, 2, 4, 0, 0, '2024-11-24 17:44:30', '2024-11-24 17:44:30'),
(159, 5, 3, 4, 0, 0, '2024-11-24 17:44:30', '2024-11-24 17:44:30'),
(161, 5, 1, 5, 0, 0, '2024-11-24 17:44:30', '2024-11-24 17:44:30'),
(162, 5, 2, 5, 0, 0, '2024-11-24 17:44:30', '2024-11-24 17:44:30'),
(163, 5, 3, 5, 0, 0, '2024-11-24 17:44:30', '2024-11-24 17:44:30'),
(165, 5, 1, 6, 0, 0, '2024-11-24 17:44:30', '2024-11-24 17:44:30'),
(166, 5, 2, 6, 0, 0, '2024-11-24 17:44:30', '2024-11-24 17:44:30'),
(167, 5, 3, 6, 0, 0, '2024-11-24 17:44:31', '2024-11-24 17:44:31'),
(169, 5, 1, 7, 0, 0, '2024-11-24 17:44:31', '2024-11-24 17:44:31'),
(170, 5, 2, 7, 0, 0, '2024-11-24 17:44:31', '2024-11-24 17:44:31'),
(171, 5, 3, 7, 0, 0, '2024-11-24 17:44:31', '2024-11-24 17:44:31'),
(173, 5, 1, 8, 0, 0, '2024-11-24 17:44:31', '2024-11-24 17:44:31'),
(174, 5, 2, 8, 0, 0, '2024-11-24 17:44:31', '2024-11-24 17:44:31'),
(175, 5, 3, 8, 0, 0, '2024-11-24 17:44:31', '2024-11-24 17:44:31'),
(177, 5, 1, 23, 0, 0, '2024-11-24 17:44:31', '2024-11-24 17:44:31'),
(178, 5, 2, 23, 0, 0, '2024-11-24 17:44:31', '2024-11-24 17:44:31'),
(179, 5, 3, 23, 0, 0, '2024-11-24 17:44:31', '2024-11-24 17:44:31'),
(181, 1, 21, 15, 0, 0, '2024-11-24 17:44:31', '2024-11-24 17:44:31'),
(182, 1, 22, 15, 0, 0, '2024-11-24 17:44:31', '2024-11-24 17:44:31'),
(183, 1, 23, 15, 0, 0, '2024-11-24 17:44:31', '2024-11-24 17:44:31'),
(185, 1, 21, 16, 0, 0, '2024-11-24 17:44:31', '2024-11-24 17:44:31'),
(186, 1, 22, 16, 0, 0, '2024-11-24 17:44:31', '2024-11-24 17:44:31'),
(187, 1, 23, 16, 0, 0, '2024-11-24 17:44:31', '2024-11-24 17:44:31'),
(189, 1, 21, 17, 0, 0, '2024-11-24 17:44:31', '2024-11-24 17:44:31'),
(190, 1, 22, 17, 0, 0, '2024-11-24 17:44:31', '2024-11-24 17:44:31'),
(191, 1, 23, 17, 0, 0, '2024-11-24 17:44:31', '2024-11-24 17:44:31'),
(193, 1, 21, 18, 0, 0, '2024-11-24 17:44:31', '2024-11-24 17:44:31'),
(194, 1, 22, 18, 0, 0, '2024-11-24 17:44:31', '2024-11-24 17:44:31'),
(195, 1, 23, 18, 0, 0, '2024-11-24 17:44:31', '2024-11-24 17:44:31'),
(197, 1, 21, 19, 0, 0, '2024-11-24 17:44:31', '2024-11-24 17:44:31'),
(198, 1, 22, 19, 0, 0, '2024-11-24 17:44:31', '2024-11-24 17:44:31'),
(199, 1, 23, 19, 0, 0, '2024-11-24 17:44:31', '2024-11-24 17:44:31'),
(201, 1, 21, 20, 0, 0, '2024-11-24 17:44:31', '2024-11-24 17:44:31'),
(202, 1, 22, 20, 0, 0, '2024-11-24 17:44:31', '2024-11-24 17:44:31'),
(203, 1, 23, 20, 0, 0, '2024-11-24 17:44:31', '2024-11-24 17:44:31'),
(205, 1, 21, 21, 0, 0, '2024-11-24 17:44:31', '2024-11-24 17:44:31'),
(206, 1, 22, 21, 0, 0, '2024-11-24 17:44:31', '2024-11-24 17:44:31'),
(207, 1, 23, 21, 0, 0, '2024-11-24 17:44:31', '2024-11-24 17:44:31'),
(209, 1, 21, 22, 0, 0, '2024-11-24 17:44:31', '2024-11-24 17:44:31'),
(210, 1, 22, 22, 0, 0, '2024-11-24 17:44:31', '2024-11-24 17:44:31'),
(211, 1, 23, 22, 0, 0, '2024-11-24 17:44:31', '2024-11-24 17:44:31'),
(213, 1, 21, 23, 0, 0, '2024-11-24 17:44:31', '2024-11-24 17:44:31'),
(214, 1, 22, 23, 0, 0, '2024-11-24 17:44:31', '2024-11-24 17:44:31'),
(215, 1, 23, 23, 0, 0, '2024-11-24 17:44:31', '2024-11-24 17:44:31'),
(217, 2, 21, 15, 0, 0, '2024-11-24 17:44:31', '2024-11-24 17:44:31'),
(218, 2, 22, 15, 0, 0, '2024-11-24 17:44:31', '2024-11-24 17:44:31'),
(219, 2, 23, 15, 0, 0, '2024-11-24 17:44:32', '2024-11-24 17:44:32'),
(221, 2, 21, 16, 0, 0, '2024-11-24 17:44:32', '2024-11-24 17:44:32'),
(222, 2, 22, 16, 0, 0, '2024-11-24 17:44:32', '2024-11-24 17:44:32'),
(223, 2, 23, 16, 0, 0, '2024-11-24 17:44:32', '2024-11-24 17:44:32'),
(225, 2, 21, 17, 0, 0, '2024-11-24 17:44:32', '2024-11-24 17:44:32'),
(226, 2, 22, 17, 0, 0, '2024-11-24 17:44:32', '2024-11-24 17:44:32'),
(227, 2, 23, 17, 0, 0, '2024-11-24 17:44:32', '2024-11-24 17:44:32'),
(229, 2, 21, 18, 0, 0, '2024-11-24 17:44:32', '2024-11-24 17:44:32'),
(230, 2, 22, 18, 0, 0, '2024-11-24 17:44:32', '2024-11-24 17:44:32'),
(231, 2, 23, 18, 0, 0, '2024-11-24 17:44:32', '2024-11-24 17:44:32'),
(233, 2, 21, 19, 0, 0, '2024-11-24 17:44:32', '2024-11-24 17:44:32'),
(234, 2, 22, 19, 0, 0, '2024-11-24 17:44:32', '2024-11-24 17:44:32'),
(235, 2, 23, 19, 0, 0, '2024-11-24 17:44:32', '2024-11-24 17:44:32'),
(237, 2, 21, 20, 0, 0, '2024-11-24 17:44:32', '2024-11-24 17:44:32'),
(238, 2, 22, 20, 0, 0, '2024-11-24 17:44:32', '2024-11-24 17:44:32'),
(239, 2, 23, 20, 0, 0, '2024-11-24 17:44:32', '2024-11-24 17:44:32'),
(241, 2, 21, 21, 0, 0, '2024-11-24 17:44:32', '2024-11-24 17:44:32'),
(242, 2, 22, 21, 0, 0, '2024-11-24 17:44:32', '2024-11-24 17:44:32'),
(243, 2, 23, 21, 0, 0, '2024-11-24 17:44:32', '2024-11-24 17:44:32'),
(245, 2, 21, 22, 0, 0, '2024-11-24 17:44:32', '2024-11-24 17:44:32'),
(246, 2, 22, 22, 0, 0, '2024-11-24 17:44:32', '2024-11-24 17:44:32'),
(247, 2, 23, 22, 0, 0, '2024-11-24 17:44:32', '2024-11-24 17:44:32'),
(249, 2, 21, 23, 0, 0, '2024-11-24 17:44:32', '2024-11-24 17:44:32'),
(250, 2, 22, 23, 0, 0, '2024-11-24 17:44:32', '2024-11-24 17:44:32'),
(251, 2, 23, 23, 0, 0, '2024-11-24 17:44:32', '2024-11-24 17:44:32'),
(253, 3, 21, 15, 0, 0, '2024-11-24 17:44:32', '2024-11-24 17:44:32'),
(254, 3, 22, 15, 0, 0, '2024-11-24 17:44:32', '2024-11-24 17:44:32'),
(255, 3, 23, 15, 0, 0, '2024-11-24 17:44:32', '2024-11-24 17:44:32'),
(257, 3, 21, 16, 0, 0, '2024-11-24 17:44:32', '2024-11-24 17:44:32'),
(258, 3, 22, 16, 0, 0, '2024-11-24 17:44:32', '2024-11-24 17:44:32'),
(259, 3, 23, 16, 0, 0, '2024-11-24 17:44:32', '2024-11-24 17:44:32'),
(261, 3, 21, 17, 0, 0, '2024-11-24 17:44:32', '2024-11-24 17:44:32'),
(262, 3, 22, 17, 0, 0, '2024-11-24 17:44:32', '2024-11-24 17:44:32'),
(263, 3, 23, 17, 0, 0, '2024-11-24 17:44:32', '2024-11-24 17:44:32'),
(265, 3, 21, 18, 0, 0, '2024-11-24 17:44:32', '2024-11-24 17:44:32'),
(266, 3, 22, 18, 0, 0, '2024-11-24 17:44:32', '2024-11-24 17:44:32'),
(267, 3, 23, 18, 0, 0, '2024-11-24 17:44:32', '2024-11-24 17:44:32'),
(269, 3, 21, 19, 0, 0, '2024-11-24 17:44:32', '2024-11-24 17:44:32'),
(270, 3, 22, 19, 0, 0, '2024-11-24 17:44:32', '2024-11-24 17:44:32'),
(271, 3, 23, 19, 0, 0, '2024-11-24 17:44:32', '2024-11-24 17:44:32'),
(273, 3, 21, 20, 0, 0, '2024-11-24 17:44:32', '2024-11-24 17:44:32'),
(274, 3, 22, 20, 0, 0, '2024-11-24 17:44:32', '2024-11-24 17:44:32'),
(275, 3, 23, 20, 0, 0, '2024-11-24 17:44:32', '2024-11-24 17:44:32'),
(277, 3, 21, 21, 0, 0, '2024-11-24 17:44:32', '2024-11-24 17:44:32'),
(278, 3, 22, 21, 0, 0, '2024-11-24 17:44:32', '2024-11-24 17:44:32'),
(279, 3, 23, 21, 0, 0, '2024-11-24 17:44:32', '2024-11-24 17:44:32'),
(281, 3, 21, 22, 0, 0, '2024-11-24 17:44:33', '2024-11-24 17:44:33'),
(282, 3, 22, 22, 0, 0, '2024-11-24 17:44:33', '2024-11-24 17:44:33'),
(283, 3, 23, 22, 0, 0, '2024-11-24 17:44:33', '2024-11-24 17:44:33'),
(285, 3, 21, 23, 0, 0, '2024-11-24 17:44:33', '2024-11-24 17:44:33'),
(286, 3, 22, 23, 0, 0, '2024-11-24 17:44:33', '2024-11-24 17:44:33'),
(287, 3, 23, 23, 0, 0, '2024-11-24 17:44:33', '2024-11-24 17:44:33'),
(289, 4, 21, 15, 0, 0, '2024-11-24 17:44:33', '2024-11-24 17:44:33'),
(290, 4, 22, 15, 0, 0, '2024-11-24 17:44:33', '2024-11-24 17:44:33'),
(291, 4, 23, 15, 0, 0, '2024-11-24 17:44:33', '2024-11-24 17:44:33'),
(293, 4, 21, 16, 0, 0, '2024-11-24 17:44:33', '2024-11-24 17:44:33'),
(294, 4, 22, 16, 0, 0, '2024-11-24 17:44:33', '2024-11-24 17:44:33'),
(295, 4, 23, 16, 0, 0, '2024-11-24 17:44:33', '2024-11-24 17:44:33'),
(297, 4, 21, 17, 0, 0, '2024-11-24 17:44:33', '2024-11-24 17:44:33'),
(298, 4, 22, 17, 0, 0, '2024-11-24 17:44:33', '2024-11-24 17:44:33'),
(299, 4, 23, 17, 0, 0, '2024-11-24 17:44:33', '2024-11-24 17:44:33'),
(301, 4, 21, 18, 0, 0, '2024-11-24 17:44:33', '2024-11-24 17:44:33'),
(302, 4, 22, 18, 0, 0, '2024-11-24 17:44:33', '2024-11-24 17:44:33'),
(303, 4, 23, 18, 0, 0, '2024-11-24 17:44:33', '2024-11-24 17:44:33'),
(305, 4, 21, 19, 0, 0, '2024-11-24 17:44:33', '2024-11-24 17:44:33'),
(306, 4, 22, 19, 0, 0, '2024-11-24 17:44:33', '2024-11-24 17:44:33'),
(307, 4, 23, 19, 0, 0, '2024-11-24 17:44:33', '2024-11-24 17:44:33'),
(309, 4, 21, 20, 0, 0, '2024-11-24 17:44:33', '2024-11-24 17:44:33'),
(310, 4, 22, 20, 0, 0, '2024-11-24 17:44:33', '2024-11-24 17:44:33'),
(311, 4, 23, 20, 0, 0, '2024-11-24 17:44:33', '2024-11-24 17:44:33'),
(313, 4, 21, 21, 0, 0, '2024-11-24 17:44:33', '2024-11-24 17:44:33'),
(314, 4, 22, 21, 0, 0, '2024-11-24 17:44:33', '2024-11-24 17:44:33'),
(315, 4, 23, 21, 0, 0, '2024-11-24 17:44:33', '2024-11-24 17:44:33'),
(317, 4, 21, 22, 0, 0, '2024-11-24 17:44:33', '2024-11-24 17:44:33'),
(318, 4, 22, 22, 0, 0, '2024-11-24 17:44:33', '2024-11-24 17:44:33'),
(319, 4, 23, 22, 0, 0, '2024-11-24 17:44:33', '2024-11-24 17:44:33'),
(321, 4, 21, 23, 0, 0, '2024-11-24 17:44:33', '2024-11-24 17:44:33'),
(322, 4, 22, 23, 0, 0, '2024-11-24 17:44:33', '2024-11-24 17:44:33'),
(323, 4, 23, 23, 0, 0, '2024-11-24 17:44:33', '2024-11-24 17:44:33'),
(325, 5, 21, 15, 0, 0, '2024-11-24 17:44:33', '2024-11-24 17:44:33'),
(326, 5, 22, 15, 0, 0, '2024-11-24 17:44:33', '2024-11-24 17:44:33'),
(327, 5, 23, 15, 0, 0, '2024-11-24 17:44:33', '2024-11-24 17:44:33'),
(329, 5, 21, 16, 0, 0, '2024-11-24 17:44:33', '2024-11-24 17:44:33'),
(330, 5, 22, 16, 0, 0, '2024-11-24 17:44:33', '2024-11-24 17:44:33'),
(331, 5, 23, 16, 0, 0, '2024-11-24 17:44:33', '2024-11-24 17:44:33'),
(333, 5, 21, 17, 0, 0, '2024-11-24 17:44:33', '2024-11-24 17:44:33'),
(334, 5, 22, 17, 0, 0, '2024-11-24 17:44:33', '2024-11-24 17:44:33'),
(335, 5, 23, 17, 0, 0, '2024-11-24 17:44:33', '2024-11-24 17:44:33'),
(337, 5, 21, 18, 0, 0, '2024-11-24 17:44:33', '2024-11-24 17:44:33'),
(338, 5, 22, 18, 0, 0, '2024-11-24 17:44:33', '2024-11-24 17:44:33'),
(339, 5, 23, 18, 0, 0, '2024-11-24 17:44:33', '2024-11-24 17:44:33'),
(341, 5, 21, 19, 0, 0, '2024-11-24 17:44:34', '2024-11-24 17:44:34'),
(342, 5, 22, 19, 0, 0, '2024-11-24 17:44:34', '2024-11-24 17:44:34'),
(343, 5, 23, 19, 0, 0, '2024-11-24 17:44:34', '2024-11-24 17:44:34'),
(345, 5, 21, 20, 0, 0, '2024-11-24 17:44:34', '2024-11-24 17:44:34'),
(346, 5, 22, 20, 0, 0, '2024-11-24 17:44:34', '2024-11-24 17:44:34'),
(347, 5, 23, 20, 0, 0, '2024-11-24 17:44:34', '2024-11-24 17:44:34'),
(349, 5, 21, 21, 0, 0, '2024-11-24 17:44:34', '2024-11-24 17:44:34'),
(350, 5, 22, 21, 0, 0, '2024-11-24 17:44:34', '2024-11-24 17:44:34'),
(351, 5, 23, 21, 0, 0, '2024-11-24 17:44:34', '2024-11-24 17:44:34'),
(353, 5, 21, 22, 0, 0, '2024-11-24 17:44:34', '2024-11-24 17:44:34'),
(354, 5, 22, 22, 0, 0, '2024-11-24 17:44:34', '2024-11-24 17:44:34'),
(355, 5, 23, 22, 0, 0, '2024-11-24 17:44:34', '2024-11-24 17:44:34'),
(357, 5, 21, 23, 0, 0, '2024-11-24 17:44:34', '2024-11-24 17:44:34'),
(358, 5, 22, 23, 0, 0, '2024-11-24 17:44:34', '2024-11-24 17:44:34'),
(359, 5, 23, 23, 0, 0, '2024-11-24 17:44:34', '2024-11-24 17:44:34'),
(361, 1, 5, 1, 0, 0, '2024-11-24 17:44:34', '2024-11-24 17:44:34'),
(362, 1, 6, 1, 0, 0, '2024-11-24 17:44:34', '2024-11-24 17:44:34'),
(363, 1, 7, 1, 0, 0, '2024-11-24 17:44:34', '2024-11-24 17:44:34'),
(365, 1, 5, 2, 0, 0, '2024-11-24 17:44:34', '2024-11-24 17:44:34'),
(366, 1, 6, 2, 0, 0, '2024-11-24 17:44:34', '2024-11-24 17:44:34'),
(367, 1, 7, 2, 0, 0, '2024-11-24 17:44:34', '2024-11-24 17:44:34'),
(369, 1, 5, 3, 0, 0, '2024-11-24 17:44:34', '2024-11-24 17:44:34'),
(370, 1, 6, 3, 0, 0, '2024-11-24 17:44:34', '2024-11-24 17:44:34'),
(371, 1, 7, 3, 0, 0, '2024-11-24 17:44:35', '2024-11-24 17:44:35'),
(373, 1, 5, 4, 0, 0, '2024-11-24 17:44:35', '2024-11-24 17:44:35'),
(374, 1, 6, 4, 0, 0, '2024-11-24 17:44:35', '2024-11-24 17:44:35'),
(375, 1, 7, 4, 0, 0, '2024-11-24 17:44:35', '2024-11-24 17:44:35'),
(377, 1, 5, 5, 0, 0, '2024-11-24 17:44:35', '2024-11-24 17:44:35'),
(378, 1, 6, 5, 0, 0, '2024-11-24 17:44:35', '2024-11-24 17:44:35'),
(379, 1, 7, 5, 0, 0, '2024-11-24 17:44:35', '2024-11-24 17:44:35'),
(381, 1, 5, 6, 0, 0, '2024-11-24 17:44:35', '2024-11-24 17:44:35'),
(382, 1, 6, 6, 0, 0, '2024-11-24 17:44:35', '2024-11-24 17:44:35'),
(383, 1, 7, 6, 0, 0, '2024-11-24 17:44:35', '2024-11-24 17:44:35'),
(385, 1, 5, 7, 0, 0, '2024-11-24 17:44:35', '2024-11-24 17:44:35'),
(386, 1, 6, 7, 0, 0, '2024-11-24 17:44:35', '2024-11-24 17:44:35'),
(387, 1, 7, 7, 0, 0, '2024-11-24 17:44:35', '2024-11-24 17:44:35'),
(389, 1, 5, 8, 0, 0, '2024-11-24 17:44:35', '2024-11-24 17:44:35'),
(390, 1, 6, 8, 0, 0, '2024-11-24 17:44:35', '2024-11-24 17:44:35'),
(391, 1, 7, 8, 0, 0, '2024-11-24 17:44:35', '2024-11-24 17:44:35'),
(393, 1, 5, 23, 0, 0, '2024-11-24 17:44:35', '2024-11-24 17:44:35'),
(394, 1, 6, 23, 0, 0, '2024-11-24 17:44:35', '2024-11-24 17:44:35'),
(395, 1, 7, 23, 0, 0, '2024-11-24 17:44:35', '2024-11-24 17:44:35'),
(397, 2, 5, 1, 0, 0, '2024-11-24 17:44:35', '2024-11-24 17:44:35'),
(398, 2, 6, 1, 0, 0, '2024-11-24 17:44:35', '2024-11-24 17:44:35'),
(399, 2, 7, 1, 0, 0, '2024-11-24 17:44:35', '2024-11-24 17:44:35'),
(401, 2, 5, 2, 0, 0, '2024-11-24 17:44:35', '2024-11-24 17:44:35'),
(402, 2, 6, 2, 0, 0, '2024-11-24 17:44:35', '2024-11-24 17:44:35'),
(403, 2, 7, 2, 0, 0, '2024-11-24 17:44:35', '2024-11-24 17:44:35'),
(405, 2, 5, 3, 0, 0, '2024-11-24 17:44:35', '2024-11-24 17:44:35'),
(406, 2, 6, 3, 0, 0, '2024-11-24 17:44:35', '2024-11-24 17:44:35'),
(407, 2, 7, 3, 0, 0, '2024-11-24 17:44:35', '2024-11-24 17:44:35'),
(409, 2, 5, 4, 0, 0, '2024-11-24 17:44:35', '2024-11-24 17:44:35'),
(410, 2, 6, 4, 0, 0, '2024-11-24 17:44:35', '2024-11-24 17:44:35'),
(411, 2, 7, 4, 0, 0, '2024-11-24 17:44:35', '2024-11-24 17:44:35'),
(413, 2, 5, 5, 0, 0, '2024-11-24 17:44:35', '2024-11-24 17:44:35'),
(414, 2, 6, 5, 0, 0, '2024-11-24 17:44:35', '2024-11-24 17:44:35'),
(415, 2, 7, 5, 0, 0, '2024-11-24 17:44:35', '2024-11-24 17:44:35'),
(417, 2, 5, 6, 0, 0, '2024-11-24 17:44:35', '2024-11-24 17:44:35'),
(418, 2, 6, 6, 0, 0, '2024-11-24 17:44:35', '2024-11-24 17:44:35'),
(419, 2, 7, 6, 0, 0, '2024-11-24 17:44:35', '2024-11-24 17:44:35'),
(421, 2, 5, 7, 0, 0, '2024-11-24 17:44:35', '2024-11-24 17:44:35'),
(422, 2, 6, 7, 0, 0, '2024-11-24 17:44:35', '2024-11-24 17:44:35'),
(423, 2, 7, 7, 0, 0, '2024-11-24 17:44:35', '2024-11-24 17:44:35'),
(425, 2, 5, 8, 0, 0, '2024-11-24 17:44:35', '2024-11-24 17:44:35'),
(426, 2, 6, 8, 0, 0, '2024-11-24 17:44:35', '2024-11-24 17:44:35'),
(427, 2, 7, 8, 0, 0, '2024-11-24 17:44:35', '2024-11-24 17:44:35'),
(429, 2, 5, 23, 0, 0, '2024-11-24 17:44:35', '2024-11-24 17:44:35'),
(430, 2, 6, 23, 0, 0, '2024-11-24 17:44:35', '2024-11-24 17:44:35'),
(431, 2, 7, 23, 0, 0, '2024-11-24 17:44:35', '2024-11-24 17:44:35'),
(433, 3, 5, 1, 0, 0, '2024-11-24 17:44:36', '2024-11-24 17:44:36'),
(434, 3, 6, 1, 0, 0, '2024-11-24 17:44:36', '2024-11-24 17:44:36'),
(435, 3, 7, 1, 0, 0, '2024-11-24 17:44:36', '2024-11-24 17:44:36'),
(437, 3, 5, 2, 0, 0, '2024-11-24 17:44:36', '2024-11-24 17:44:36'),
(438, 3, 6, 2, 0, 0, '2024-11-24 17:44:36', '2024-11-24 17:44:36'),
(439, 3, 7, 2, 0, 0, '2024-11-24 17:44:36', '2024-11-24 17:44:36'),
(441, 3, 5, 3, 0, 0, '2024-11-24 17:44:36', '2024-11-24 17:44:36'),
(442, 3, 6, 3, 0, 0, '2024-11-24 17:44:36', '2024-11-24 17:44:36'),
(443, 3, 7, 3, 0, 0, '2024-11-24 17:44:36', '2024-11-24 17:44:36'),
(445, 3, 5, 4, 0, 0, '2024-11-24 17:44:36', '2024-11-24 17:44:36'),
(446, 3, 6, 4, 0, 0, '2024-11-24 17:44:36', '2024-11-24 17:44:36'),
(447, 3, 7, 4, 0, 0, '2024-11-24 17:44:36', '2024-11-24 17:44:36'),
(449, 3, 5, 5, 0, 0, '2024-11-24 17:44:36', '2024-11-24 17:44:36'),
(450, 3, 6, 5, 0, 0, '2024-11-24 17:44:36', '2024-11-24 17:44:36'),
(451, 3, 7, 5, 0, 0, '2024-11-24 17:44:36', '2024-11-24 17:44:36'),
(453, 3, 5, 6, 0, 0, '2024-11-24 17:44:36', '2024-11-24 17:44:36'),
(454, 3, 6, 6, 0, 0, '2024-11-24 17:44:36', '2024-11-24 17:44:36'),
(455, 3, 7, 6, 0, 0, '2024-11-24 17:44:36', '2024-11-24 17:44:36'),
(457, 3, 5, 7, 0, 0, '2024-11-24 17:44:36', '2024-11-24 17:44:36'),
(458, 3, 6, 7, 0, 0, '2024-11-24 17:44:36', '2024-11-24 17:44:36'),
(459, 3, 7, 7, 0, 0, '2024-11-24 17:44:36', '2024-11-24 17:44:36'),
(461, 3, 5, 8, 0, 0, '2024-11-24 17:44:36', '2024-11-24 17:44:36'),
(462, 3, 6, 8, 0, 0, '2024-11-24 17:44:36', '2024-11-24 17:44:36'),
(463, 3, 7, 8, 0, 0, '2024-11-24 17:44:36', '2024-11-24 17:44:36'),
(465, 3, 5, 23, 0, 0, '2024-11-24 17:44:36', '2024-11-24 17:44:36'),
(466, 3, 6, 23, 0, 0, '2024-11-24 17:44:36', '2024-11-24 17:44:36'),
(467, 3, 7, 23, 0, 0, '2024-11-24 17:44:36', '2024-11-24 17:44:36'),
(469, 4, 5, 1, 0, 0, '2024-11-24 17:44:36', '2024-11-24 17:44:36'),
(470, 4, 6, 1, 0, 0, '2024-11-24 17:44:36', '2024-11-24 17:44:36'),
(471, 4, 7, 1, 0, 0, '2024-11-24 17:44:36', '2024-11-24 17:44:36'),
(473, 4, 5, 2, 0, 0, '2024-11-24 17:44:36', '2024-11-24 17:44:36'),
(474, 4, 6, 2, 0, 0, '2024-11-24 17:44:36', '2024-11-24 17:44:36'),
(475, 4, 7, 2, 0, 0, '2024-11-24 17:44:36', '2024-11-24 17:44:36'),
(477, 4, 5, 3, 0, 0, '2024-11-24 17:44:36', '2024-11-24 17:44:36'),
(478, 4, 6, 3, 0, 0, '2024-11-24 17:44:36', '2024-11-24 17:44:36'),
(479, 4, 7, 3, 0, 0, '2024-11-24 17:44:36', '2024-11-24 17:44:36'),
(481, 4, 5, 4, 0, 0, '2024-11-24 17:44:36', '2024-11-24 17:44:36'),
(482, 4, 6, 4, 0, 0, '2024-11-24 17:44:36', '2024-11-24 17:44:36'),
(483, 4, 7, 4, 0, 0, '2024-11-24 17:44:36', '2024-11-24 17:44:36'),
(485, 4, 5, 5, 0, 0, '2024-11-24 17:44:36', '2024-11-24 17:44:36'),
(486, 4, 6, 5, 0, 0, '2024-11-24 17:44:36', '2024-11-24 17:44:36'),
(487, 4, 7, 5, 0, 0, '2024-11-24 17:44:36', '2024-11-24 17:44:36'),
(489, 4, 5, 6, 0, 0, '2024-11-24 17:44:36', '2024-11-24 17:44:36'),
(490, 4, 6, 6, 0, 0, '2024-11-24 17:44:36', '2024-11-24 17:44:36'),
(491, 4, 7, 6, 0, 0, '2024-11-24 17:44:36', '2024-11-24 17:44:36'),
(493, 4, 5, 7, 0, 0, '2024-11-24 17:44:37', '2024-11-24 17:44:37'),
(494, 4, 6, 7, 0, 0, '2024-11-24 17:44:37', '2024-11-24 17:44:37'),
(495, 4, 7, 7, 0, 0, '2024-11-24 17:44:37', '2024-11-24 17:44:37'),
(497, 4, 5, 8, 0, 0, '2024-11-24 17:44:37', '2024-11-24 17:44:37'),
(498, 4, 6, 8, 0, 0, '2024-11-24 17:44:37', '2024-11-24 17:44:37'),
(499, 4, 7, 8, 0, 0, '2024-11-24 17:44:37', '2024-11-24 17:44:37'),
(501, 4, 5, 23, 0, 0, '2024-11-24 17:44:37', '2024-11-24 17:44:37'),
(502, 4, 6, 23, 0, 0, '2024-11-24 17:44:37', '2024-11-24 17:44:37'),
(503, 4, 7, 23, 0, 0, '2024-11-24 17:44:37', '2024-11-24 17:44:37'),
(505, 5, 5, 1, 0, 0, '2024-11-24 17:44:37', '2024-11-24 17:44:37'),
(506, 5, 6, 1, 0, 0, '2024-11-24 17:44:37', '2024-11-24 17:44:37'),
(507, 5, 7, 1, 0, 0, '2024-11-24 17:44:37', '2024-11-24 17:44:37'),
(509, 5, 5, 2, 0, 0, '2024-11-24 17:44:37', '2024-11-24 17:44:37'),
(510, 5, 6, 2, 0, 0, '2024-11-24 17:44:37', '2024-11-24 17:44:37'),
(511, 5, 7, 2, 0, 0, '2024-11-24 17:44:37', '2024-11-24 17:44:37'),
(513, 5, 5, 3, 0, 0, '2024-11-24 17:44:37', '2024-11-24 17:44:37'),
(514, 5, 6, 3, 0, 0, '2024-11-24 17:44:37', '2024-11-24 17:44:37'),
(515, 5, 7, 3, 0, 0, '2024-11-24 17:44:37', '2024-11-24 17:44:37'),
(517, 5, 5, 4, 0, 0, '2024-11-24 17:44:37', '2024-11-24 17:44:37'),
(518, 5, 6, 4, 0, 0, '2024-11-24 17:44:37', '2024-11-24 17:44:37'),
(519, 5, 7, 4, 0, 0, '2024-11-24 17:44:37', '2024-11-24 17:44:37'),
(521, 5, 5, 5, 0, 0, '2024-11-24 17:44:37', '2024-11-24 17:44:37'),
(522, 5, 6, 5, 0, 0, '2024-11-24 17:44:37', '2024-11-24 17:44:37'),
(523, 5, 7, 5, 0, 0, '2024-11-24 17:44:37', '2024-11-24 17:44:37'),
(525, 5, 5, 6, 0, 0, '2024-11-24 17:44:37', '2024-11-24 17:44:37'),
(526, 5, 6, 6, 0, 0, '2024-11-24 17:44:37', '2024-11-24 17:44:37'),
(527, 5, 7, 6, 0, 0, '2024-11-24 17:44:37', '2024-11-24 17:44:37'),
(529, 5, 5, 7, 0, 0, '2024-11-24 17:44:37', '2024-11-24 17:44:37'),
(530, 5, 6, 7, 0, 0, '2024-11-24 17:44:37', '2024-11-24 17:44:37'),
(531, 5, 7, 7, 0, 0, '2024-11-24 17:44:37', '2024-11-24 17:44:37'),
(533, 5, 5, 8, 0, 0, '2024-11-24 17:44:37', '2024-11-24 17:44:37'),
(534, 5, 6, 8, 0, 0, '2024-11-24 17:44:37', '2024-11-24 17:44:37'),
(535, 5, 7, 8, 0, 0, '2024-11-24 17:44:37', '2024-11-24 17:44:37'),
(537, 5, 5, 23, 0, 0, '2024-11-24 17:44:37', '2024-11-24 17:44:37'),
(538, 5, 6, 23, 0, 0, '2024-11-24 17:44:37', '2024-11-24 17:44:37'),
(539, 5, 7, 23, 0, 0, '2024-11-24 17:44:37', '2024-11-24 17:44:37'),
(541, 1, 25, 15, 0, 0, '2024-11-24 17:44:37', '2024-11-24 17:44:37'),
(542, 1, 26, 15, 0, 0, '2024-11-24 17:44:37', '2024-11-24 17:44:37'),
(543, 1, 27, 15, 0, 0, '2024-11-24 17:44:37', '2024-11-24 17:44:37'),
(545, 1, 25, 16, 0, 0, '2024-11-24 17:44:37', '2024-11-24 17:44:37'),
(546, 1, 26, 16, 0, 0, '2024-11-24 17:44:37', '2024-11-24 17:44:37'),
(547, 1, 27, 16, 0, 0, '2024-11-24 17:44:37', '2024-11-24 17:44:37'),
(549, 1, 25, 17, 0, 0, '2024-11-24 17:44:38', '2024-11-24 17:44:38'),
(550, 1, 26, 17, 0, 0, '2024-11-24 17:44:38', '2024-11-24 17:44:38'),
(551, 1, 27, 17, 0, 0, '2024-11-24 17:44:38', '2024-11-24 17:44:38'),
(553, 1, 25, 18, 0, 0, '2024-11-24 17:44:38', '2024-11-24 17:44:38'),
(554, 1, 26, 18, 0, 0, '2024-11-24 17:44:38', '2024-11-24 17:44:38'),
(555, 1, 27, 18, 0, 0, '2024-11-24 17:44:38', '2024-11-24 17:44:38'),
(557, 1, 25, 19, 0, 0, '2024-11-24 17:44:38', '2024-11-24 17:44:38'),
(558, 1, 26, 19, 0, 0, '2024-11-24 17:44:38', '2024-11-24 17:44:38'),
(559, 1, 27, 19, 0, 0, '2024-11-24 17:44:38', '2024-11-24 17:44:38'),
(561, 1, 25, 20, 0, 0, '2024-11-24 17:44:38', '2024-11-24 17:44:38'),
(562, 1, 26, 20, 0, 0, '2024-11-24 17:44:38', '2024-11-24 17:44:38'),
(563, 1, 27, 20, 0, 0, '2024-11-24 17:44:38', '2024-11-24 17:44:38'),
(565, 1, 25, 21, 0, 0, '2024-11-24 17:44:38', '2024-11-24 17:44:38'),
(566, 1, 26, 21, 0, 0, '2024-11-24 17:44:38', '2024-11-24 17:44:38'),
(567, 1, 27, 21, 0, 0, '2024-11-24 17:44:38', '2024-11-24 17:44:38'),
(569, 1, 25, 22, 0, 0, '2024-11-24 17:44:38', '2024-11-24 17:44:38'),
(570, 1, 26, 22, 0, 0, '2024-11-24 17:44:38', '2024-11-24 17:44:38'),
(571, 1, 27, 22, 0, 0, '2024-11-24 17:44:38', '2024-11-24 17:44:38'),
(573, 1, 25, 23, 0, 0, '2024-11-24 17:44:38', '2024-11-24 17:44:38'),
(574, 1, 26, 23, 0, 0, '2024-11-24 17:44:38', '2024-11-24 17:44:38'),
(575, 1, 27, 23, 0, 0, '2024-11-24 17:44:38', '2024-11-24 17:44:38'),
(577, 2, 25, 15, 0, 0, '2024-11-24 17:44:38', '2024-11-24 17:44:38'),
(578, 2, 26, 15, 0, 0, '2024-11-24 17:44:38', '2024-11-24 17:44:38'),
(579, 2, 27, 15, 0, 0, '2024-11-24 17:44:38', '2024-11-24 17:44:38'),
(581, 2, 25, 16, 0, 0, '2024-11-24 17:44:38', '2024-11-24 17:44:38'),
(582, 2, 26, 16, 0, 0, '2024-11-24 17:44:38', '2024-11-24 17:44:38'),
(583, 2, 27, 16, 0, 0, '2024-11-24 17:44:38', '2024-11-24 17:44:38'),
(585, 2, 25, 17, 0, 0, '2024-11-24 17:44:38', '2024-11-24 17:44:38'),
(586, 2, 26, 17, 0, 0, '2024-11-24 17:44:38', '2024-11-24 17:44:38'),
(587, 2, 27, 17, 0, 0, '2024-11-24 17:44:38', '2024-11-24 17:44:38'),
(589, 2, 25, 18, 0, 0, '2024-11-24 17:44:38', '2024-11-24 17:44:38'),
(590, 2, 26, 18, 0, 0, '2024-11-24 17:44:38', '2024-11-24 17:44:38'),
(591, 2, 27, 18, 0, 0, '2024-11-24 17:44:38', '2024-11-24 17:44:38'),
(593, 2, 25, 19, 0, 0, '2024-11-24 17:44:38', '2024-11-24 17:44:38'),
(594, 2, 26, 19, 0, 0, '2024-11-24 17:44:38', '2024-11-24 17:44:38'),
(595, 2, 27, 19, 0, 0, '2024-11-24 17:44:38', '2024-11-24 17:44:38'),
(597, 2, 25, 20, 0, 0, '2024-11-24 17:44:38', '2024-11-24 17:44:38'),
(598, 2, 26, 20, 0, 0, '2024-11-24 17:44:38', '2024-11-24 17:44:38'),
(599, 2, 27, 20, 0, 0, '2024-11-24 17:44:38', '2024-11-24 17:44:38'),
(601, 2, 25, 21, 0, 0, '2024-11-24 17:44:38', '2024-11-24 17:44:38'),
(602, 2, 26, 21, 0, 0, '2024-11-24 17:44:38', '2024-11-24 17:44:38'),
(603, 2, 27, 21, 0, 0, '2024-11-24 17:44:38', '2024-11-24 17:44:38'),
(605, 2, 25, 22, 0, 0, '2024-11-24 17:44:38', '2024-11-24 17:44:38'),
(606, 2, 26, 22, 0, 0, '2024-11-24 17:44:38', '2024-11-24 17:44:38'),
(607, 2, 27, 22, 0, 0, '2024-11-24 17:44:38', '2024-11-24 17:44:38'),
(609, 2, 25, 23, 0, 0, '2024-11-24 17:44:38', '2024-11-24 17:44:38'),
(610, 2, 26, 23, 0, 0, '2024-11-24 17:44:39', '2024-11-24 17:44:39'),
(611, 2, 27, 23, 0, 0, '2024-11-24 17:44:39', '2024-11-24 17:44:39'),
(613, 3, 25, 15, 0, 0, '2024-11-24 17:44:39', '2024-11-24 17:44:39'),
(614, 3, 26, 15, 0, 0, '2024-11-24 17:44:39', '2024-11-24 17:44:39'),
(615, 3, 27, 15, 0, 0, '2024-11-24 17:44:39', '2024-11-24 17:44:39'),
(617, 3, 25, 16, 0, 0, '2024-11-24 17:44:39', '2024-11-24 17:44:39'),
(618, 3, 26, 16, 0, 0, '2024-11-24 17:44:39', '2024-11-24 17:44:39'),
(619, 3, 27, 16, 0, 0, '2024-11-24 17:44:39', '2024-11-24 17:44:39'),
(621, 3, 25, 17, 0, 0, '2024-11-24 17:44:39', '2024-11-24 17:44:39'),
(622, 3, 26, 17, 0, 0, '2024-11-24 17:44:39', '2024-11-24 17:44:39'),
(623, 3, 27, 17, 0, 0, '2024-11-24 17:44:39', '2024-11-24 17:44:39'),
(625, 3, 25, 18, 0, 0, '2024-11-24 17:44:39', '2024-11-24 17:44:39'),
(626, 3, 26, 18, 0, 0, '2024-11-24 17:44:39', '2024-11-24 17:44:39'),
(627, 3, 27, 18, 0, 0, '2024-11-24 17:44:39', '2024-11-24 17:44:39'),
(629, 3, 25, 19, 0, 0, '2024-11-24 17:44:39', '2024-11-24 17:44:39'),
(630, 3, 26, 19, 0, 0, '2024-11-24 17:44:39', '2024-11-24 17:44:39'),
(631, 3, 27, 19, 0, 0, '2024-11-24 17:44:39', '2024-11-24 17:44:39'),
(633, 3, 25, 20, 0, 0, '2024-11-24 17:44:39', '2024-11-24 17:44:39'),
(634, 3, 26, 20, 0, 0, '2024-11-24 17:44:39', '2024-11-24 17:44:39'),
(635, 3, 27, 20, 0, 0, '2024-11-24 17:44:39', '2024-11-24 17:44:39'),
(637, 3, 25, 21, 0, 0, '2024-11-24 17:44:39', '2024-11-24 17:44:39'),
(638, 3, 26, 21, 0, 0, '2024-11-24 17:44:39', '2024-11-24 17:44:39'),
(639, 3, 27, 21, 0, 0, '2024-11-24 17:44:39', '2024-11-24 17:44:39'),
(641, 3, 25, 22, 0, 0, '2024-11-24 17:44:39', '2024-11-24 17:44:39'),
(642, 3, 26, 22, 0, 0, '2024-11-24 17:44:39', '2024-11-24 17:44:39'),
(643, 3, 27, 22, 0, 0, '2024-11-24 17:44:39', '2024-11-24 17:44:39'),
(645, 3, 25, 23, 0, 0, '2024-11-24 17:44:39', '2024-11-24 17:44:39'),
(646, 3, 26, 23, 0, 0, '2024-11-24 17:44:39', '2024-11-24 17:44:39'),
(647, 3, 27, 23, 0, 0, '2024-11-24 17:44:39', '2024-11-24 17:44:39'),
(649, 4, 25, 15, 0, 0, '2024-11-24 17:44:39', '2024-11-24 17:44:39'),
(650, 4, 26, 15, 0, 0, '2024-11-24 17:44:39', '2024-11-24 17:44:39'),
(651, 4, 27, 15, 0, 0, '2024-11-24 17:44:39', '2024-11-24 17:44:39'),
(653, 4, 25, 16, 0, 0, '2024-11-24 17:44:39', '2024-11-24 17:44:39'),
(654, 4, 26, 16, 0, 0, '2024-11-24 17:44:39', '2024-11-24 17:44:39'),
(655, 4, 27, 16, 0, 0, '2024-11-24 17:44:39', '2024-11-24 17:44:39'),
(657, 4, 25, 17, 0, 0, '2024-11-24 17:44:39', '2024-11-24 17:44:39'),
(658, 4, 26, 17, 0, 0, '2024-11-24 17:44:39', '2024-11-24 17:44:39'),
(659, 4, 27, 17, 0, 0, '2024-11-24 17:44:39', '2024-11-24 17:44:39'),
(661, 4, 25, 18, 0, 0, '2024-11-24 17:44:39', '2024-11-24 17:44:39'),
(662, 4, 26, 18, 0, 0, '2024-11-24 17:44:39', '2024-11-24 17:44:39'),
(663, 4, 27, 18, 0, 0, '2024-11-24 17:44:39', '2024-11-24 17:44:39'),
(665, 4, 25, 19, 0, 0, '2024-11-24 17:44:39', '2024-11-24 17:44:39'),
(666, 4, 26, 19, 0, 0, '2024-11-24 17:44:39', '2024-11-24 17:44:39'),
(667, 4, 27, 19, 0, 0, '2024-11-24 17:44:39', '2024-11-24 17:44:39'),
(669, 4, 25, 20, 0, 0, '2024-11-24 17:44:39', '2024-11-24 17:44:39'),
(670, 4, 26, 20, 0, 0, '2024-11-24 17:44:39', '2024-11-24 17:44:39'),
(671, 4, 27, 20, 0, 0, '2024-11-24 17:44:39', '2024-11-24 17:44:39'),
(673, 4, 25, 21, 0, 0, '2024-11-24 17:44:40', '2024-11-24 17:44:40'),
(674, 4, 26, 21, 0, 0, '2024-11-24 17:44:40', '2024-11-24 17:44:40'),
(675, 4, 27, 21, 0, 0, '2024-11-24 17:44:40', '2024-11-24 17:44:40'),
(677, 4, 25, 22, 0, 0, '2024-11-24 17:44:40', '2024-11-24 17:44:40'),
(678, 4, 26, 22, 0, 0, '2024-11-24 17:44:40', '2024-11-24 17:44:40'),
(679, 4, 27, 22, 0, 0, '2024-11-24 17:44:40', '2024-11-24 17:44:40'),
(681, 4, 25, 23, 0, 0, '2024-11-24 17:44:40', '2024-11-24 17:44:40'),
(682, 4, 26, 23, 0, 0, '2024-11-24 17:44:40', '2024-11-24 17:44:40'),
(683, 4, 27, 23, 0, 0, '2024-11-24 17:44:40', '2024-11-24 17:44:40'),
(685, 5, 25, 15, 0, 0, '2024-11-24 17:44:40', '2024-11-24 17:44:40'),
(686, 5, 26, 15, 0, 0, '2024-11-24 17:44:40', '2024-11-24 17:44:40'),
(687, 5, 27, 15, 0, 0, '2024-11-24 17:44:40', '2024-11-24 17:44:40'),
(689, 5, 25, 16, 0, 0, '2024-11-24 17:44:40', '2024-11-24 17:44:40'),
(690, 5, 26, 16, 0, 0, '2024-11-24 17:44:40', '2024-11-24 17:44:40'),
(691, 5, 27, 16, 0, 0, '2024-11-24 17:44:40', '2024-11-24 17:44:40'),
(693, 5, 25, 17, 0, 0, '2024-11-24 17:44:40', '2024-11-24 17:44:40'),
(694, 5, 26, 17, 0, 0, '2024-11-24 17:44:40', '2024-11-24 17:44:40'),
(695, 5, 27, 17, 0, 0, '2024-11-24 17:44:40', '2024-11-24 17:44:40'),
(697, 5, 25, 18, 0, 0, '2024-11-24 17:44:40', '2024-11-24 17:44:40'),
(698, 5, 26, 18, 0, 0, '2024-11-24 17:44:40', '2024-11-24 17:44:40'),
(699, 5, 27, 18, 0, 0, '2024-11-24 17:44:40', '2024-11-24 17:44:40'),
(701, 5, 25, 19, 0, 0, '2024-11-24 17:44:40', '2024-11-24 17:44:40'),
(702, 5, 26, 19, 0, 0, '2024-11-24 17:44:40', '2024-11-24 17:44:40'),
(703, 5, 27, 19, 0, 0, '2024-11-24 17:44:40', '2024-11-24 17:44:40'),
(705, 5, 25, 20, 0, 0, '2024-11-24 17:44:40', '2024-11-24 17:44:40'),
(706, 5, 26, 20, 0, 0, '2024-11-24 17:44:40', '2024-11-24 17:44:40'),
(707, 5, 27, 20, 0, 0, '2024-11-24 17:44:40', '2024-11-24 17:44:40'),
(709, 5, 25, 21, 0, 0, '2024-11-24 17:44:40', '2024-11-24 17:44:40'),
(710, 5, 26, 21, 0, 0, '2024-11-24 17:44:40', '2024-11-24 17:44:40'),
(711, 5, 27, 21, 0, 0, '2024-11-24 17:44:40', '2024-11-24 17:44:40'),
(713, 5, 25, 22, 0, 0, '2024-11-24 17:44:40', '2024-11-24 17:44:40'),
(714, 5, 26, 22, 0, 0, '2024-11-24 17:44:40', '2024-11-24 17:44:40'),
(715, 5, 27, 22, 0, 0, '2024-11-24 17:44:40', '2024-11-24 17:44:40'),
(717, 5, 25, 23, 0, 0, '2024-11-24 17:44:40', '2024-11-24 17:44:40'),
(718, 5, 26, 23, 0, 0, '2024-11-24 17:44:40', '2024-11-24 17:44:40'),
(719, 5, 27, 23, 0, 0, '2024-11-24 17:44:40', '2024-11-24 17:44:40'),
(721, 1, 9, 1, 0, 0, '2024-11-24 18:16:27', '2024-11-24 18:16:27'),
(722, 1, 10, 1, 0, 0, '2024-11-24 18:16:27', '2024-11-24 18:16:27'),
(723, 1, 11, 1, 0, 0, '2024-11-24 18:16:27', '2024-11-24 18:16:27'),
(724, 1, 9, 2, 0, 0, '2024-11-24 18:16:27', '2024-11-24 18:16:27'),
(725, 1, 10, 2, 0, 0, '2024-11-24 18:16:27', '2024-11-24 18:16:27'),
(726, 1, 11, 2, 0, 0, '2024-11-24 18:16:27', '2024-11-24 18:16:27'),
(727, 1, 9, 3, 0, 0, '2024-11-24 18:16:27', '2024-11-24 18:16:27'),
(728, 1, 10, 3, 0, 0, '2024-11-24 18:16:27', '2024-11-24 18:16:27'),
(729, 1, 11, 3, 0, 0, '2024-11-24 18:16:27', '2024-11-24 18:16:27'),
(730, 1, 9, 4, 0, 0, '2024-11-24 18:16:27', '2024-11-24 18:16:27'),
(731, 1, 10, 4, 0, 0, '2024-11-24 18:16:27', '2024-11-24 18:16:27'),
(732, 1, 11, 4, 0, 0, '2024-11-24 18:16:27', '2024-11-24 18:16:27'),
(733, 1, 9, 5, 0, 0, '2024-11-24 18:16:27', '2024-11-24 18:16:27'),
(734, 1, 10, 5, 0, 0, '2024-11-24 18:16:27', '2024-11-24 18:16:27'),
(735, 1, 11, 5, 0, 0, '2024-11-24 18:16:27', '2024-11-24 18:16:27'),
(736, 1, 9, 6, 0, 0, '2024-11-24 18:16:27', '2024-11-24 18:16:27'),
(737, 1, 10, 6, 0, 0, '2024-11-24 18:16:27', '2024-11-24 18:16:27'),
(738, 1, 11, 6, 0, 0, '2024-11-24 18:16:27', '2024-11-24 18:16:27'),
(739, 1, 9, 7, 0, 0, '2024-11-24 18:16:27', '2024-11-24 18:16:27'),
(740, 1, 10, 7, 0, 0, '2024-11-24 18:16:27', '2024-11-24 18:16:27'),
(741, 1, 11, 7, 0, 0, '2024-11-24 18:16:27', '2024-11-24 18:16:27'),
(742, 1, 9, 8, 0, 0, '2024-11-24 18:16:27', '2024-11-24 18:16:27'),
(743, 1, 10, 8, 0, 0, '2024-11-24 18:16:27', '2024-11-24 18:16:27'),
(744, 1, 11, 8, 0, 0, '2024-11-24 18:16:27', '2024-11-24 18:16:27'),
(745, 1, 9, 23, 0, 0, '2024-11-24 18:16:27', '2024-11-24 18:16:27'),
(746, 1, 10, 23, 0, 0, '2024-11-24 18:16:27', '2024-11-24 18:16:27'),
(747, 1, 11, 23, 0, 0, '2024-11-24 18:16:28', '2024-11-24 18:16:28'),
(748, 2, 9, 1, 0, 0, '2024-11-24 18:16:28', '2024-11-24 18:16:28'),
(749, 2, 10, 1, 0, 0, '2024-11-24 18:16:28', '2024-11-24 18:16:28'),
(750, 2, 11, 1, 0, 0, '2024-11-24 18:16:28', '2024-11-24 18:16:28'),
(751, 2, 9, 2, 0, 0, '2024-11-24 18:16:28', '2024-11-24 18:16:28'),
(752, 2, 10, 2, 0, 0, '2024-11-24 18:16:28', '2024-11-24 18:16:28'),
(753, 2, 11, 2, 0, 0, '2024-11-24 18:16:28', '2024-11-24 18:16:28'),
(754, 2, 9, 3, 0, 0, '2024-11-24 18:16:28', '2024-11-24 18:16:28'),
(755, 2, 10, 3, 0, 0, '2024-11-24 18:16:28', '2024-11-24 18:16:28'),
(756, 2, 11, 3, 0, 0, '2024-11-24 18:16:28', '2024-11-24 18:16:28'),
(757, 2, 9, 4, 0, 0, '2024-11-24 18:16:28', '2024-11-24 18:16:28'),
(758, 2, 10, 4, 0, 0, '2024-11-24 18:16:28', '2024-11-24 18:16:28'),
(759, 2, 11, 4, 0, 0, '2024-11-24 18:16:28', '2024-11-24 18:16:28'),
(760, 2, 9, 5, 0, 0, '2024-11-24 18:16:28', '2024-11-24 18:16:28'),
(761, 2, 10, 5, 0, 0, '2024-11-24 18:16:28', '2024-11-24 18:16:28'),
(762, 2, 11, 5, 0, 0, '2024-11-24 18:16:28', '2024-11-24 18:16:28'),
(763, 2, 9, 6, 0, 0, '2024-11-24 18:16:28', '2024-11-24 18:16:28'),
(764, 2, 10, 6, 0, 0, '2024-11-24 18:16:28', '2024-11-24 18:16:28'),
(765, 2, 11, 6, 0, 0, '2024-11-24 18:16:28', '2024-11-24 18:16:28'),
(766, 2, 9, 7, 0, 0, '2024-11-24 18:16:28', '2024-11-24 18:16:28'),
(767, 2, 10, 7, 0, 0, '2024-11-24 18:16:28', '2024-11-24 18:16:28'),
(768, 2, 11, 7, 0, 0, '2024-11-24 18:16:28', '2024-11-24 18:16:28'),
(769, 2, 9, 8, 0, 0, '2024-11-24 18:16:28', '2024-11-24 18:16:28'),
(770, 2, 10, 8, 0, 0, '2024-11-24 18:16:28', '2024-11-24 18:16:28'),
(771, 2, 11, 8, 0, 0, '2024-11-24 18:16:28', '2024-11-24 18:16:28'),
(772, 2, 9, 23, 0, 0, '2024-11-24 18:16:28', '2024-11-24 18:16:28'),
(773, 2, 10, 23, 0, 0, '2024-11-24 18:16:28', '2024-11-24 18:16:28'),
(774, 2, 11, 23, 0, 0, '2024-11-24 18:16:28', '2024-11-24 18:16:28'),
(775, 3, 9, 1, 0, 0, '2024-11-24 18:16:28', '2024-11-24 18:16:28'),
(776, 3, 10, 1, 0, 0, '2024-11-24 18:16:28', '2024-11-24 18:16:28'),
(777, 3, 11, 1, 0, 0, '2024-11-24 18:16:28', '2024-11-24 18:16:28'),
(778, 3, 9, 2, 0, 0, '2024-11-24 18:16:28', '2024-11-24 18:16:28'),
(779, 3, 10, 2, 0, 0, '2024-11-24 18:16:28', '2024-11-24 18:16:28'),
(780, 3, 11, 2, 0, 0, '2024-11-24 18:16:28', '2024-11-24 18:16:28'),
(781, 3, 9, 3, 0, 0, '2024-11-24 18:16:28', '2024-11-24 18:16:28'),
(782, 3, 10, 3, 0, 0, '2024-11-24 18:16:28', '2024-11-24 18:16:28'),
(783, 3, 11, 3, 0, 0, '2024-11-24 18:16:28', '2024-11-24 18:16:28'),
(784, 3, 9, 4, 0, 0, '2024-11-24 18:16:28', '2024-11-24 18:16:28'),
(785, 3, 10, 4, 0, 0, '2024-11-24 18:16:28', '2024-11-24 18:16:28'),
(786, 3, 11, 4, 0, 0, '2024-11-24 18:16:28', '2024-11-24 18:16:28'),
(787, 3, 9, 5, 0, 0, '2024-11-24 18:16:28', '2024-11-24 18:16:28'),
(788, 3, 10, 5, 0, 0, '2024-11-24 18:16:28', '2024-11-24 18:16:28'),
(789, 3, 11, 5, 0, 0, '2024-11-24 18:16:28', '2024-11-24 18:16:28'),
(790, 3, 9, 6, 0, 0, '2024-11-24 18:16:28', '2024-11-24 18:16:28'),
(791, 3, 10, 6, 0, 0, '2024-11-24 18:16:28', '2024-11-24 18:16:28'),
(792, 3, 11, 6, 0, 0, '2024-11-24 18:16:28', '2024-11-24 18:16:28'),
(793, 3, 9, 7, 0, 0, '2024-11-24 18:16:28', '2024-11-24 18:16:28'),
(794, 3, 10, 7, 0, 0, '2024-11-24 18:16:28', '2024-11-24 18:16:28'),
(795, 3, 11, 7, 0, 0, '2024-11-24 18:16:28', '2024-11-24 18:16:28'),
(796, 3, 9, 8, 0, 0, '2024-11-24 18:16:28', '2024-11-24 18:16:28'),
(797, 3, 10, 8, 0, 0, '2024-11-24 18:16:28', '2024-11-24 18:16:28'),
(798, 3, 11, 8, 0, 0, '2024-11-24 18:16:28', '2024-11-24 18:16:28'),
(799, 3, 9, 23, 0, 0, '2024-11-24 18:16:28', '2024-11-24 18:16:28'),
(800, 3, 10, 23, 0, 0, '2024-11-24 18:16:28', '2024-11-24 18:16:28'),
(801, 3, 11, 23, 0, 0, '2024-11-24 18:16:28', '2024-11-24 18:16:28'),
(802, 4, 9, 1, 0, 0, '2024-11-24 18:16:28', '2024-11-24 18:16:28'),
(803, 4, 10, 1, 0, 0, '2024-11-24 18:16:28', '2024-11-24 18:16:28'),
(804, 4, 11, 1, 0, 0, '2024-11-24 18:16:28', '2024-11-24 18:16:28'),
(805, 4, 9, 2, 0, 0, '2024-11-24 18:16:28', '2024-11-24 18:16:28'),
(806, 4, 10, 2, 0, 0, '2024-11-24 18:16:28', '2024-11-24 18:16:28'),
(807, 4, 11, 2, 0, 0, '2024-11-24 18:16:29', '2024-11-24 18:16:29'),
(808, 4, 9, 3, 0, 0, '2024-11-24 18:16:29', '2024-11-24 18:16:29'),
(809, 4, 10, 3, 0, 0, '2024-11-24 18:16:29', '2024-11-24 18:16:29'),
(810, 4, 11, 3, 0, 0, '2024-11-24 18:16:29', '2024-11-24 18:16:29'),
(811, 4, 9, 4, 0, 0, '2024-11-24 18:16:29', '2024-11-24 18:16:29'),
(812, 4, 10, 4, 0, 0, '2024-11-24 18:16:29', '2024-11-24 18:16:29'),
(813, 4, 11, 4, 0, 0, '2024-11-24 18:16:29', '2024-11-24 18:16:29'),
(814, 4, 9, 5, 0, 0, '2024-11-24 18:16:29', '2024-11-24 18:16:29'),
(815, 4, 10, 5, 0, 0, '2024-11-24 18:16:29', '2024-11-24 18:16:29'),
(816, 4, 11, 5, 0, 0, '2024-11-24 18:16:29', '2024-11-24 18:16:29'),
(817, 4, 9, 6, 0, 0, '2024-11-24 18:16:29', '2024-11-24 18:16:29'),
(818, 4, 10, 6, 0, 0, '2024-11-24 18:16:29', '2024-11-24 18:16:29'),
(819, 4, 11, 6, 0, 0, '2024-11-24 18:16:29', '2024-11-24 18:16:29'),
(820, 4, 9, 7, 0, 0, '2024-11-24 18:16:29', '2024-11-24 18:16:29'),
(821, 4, 10, 7, 0, 0, '2024-11-24 18:16:29', '2024-11-24 18:16:29'),
(822, 4, 11, 7, 0, 0, '2024-11-24 18:16:29', '2024-11-24 18:16:29'),
(823, 4, 9, 8, 0, 0, '2024-11-24 18:16:29', '2024-11-24 18:16:29'),
(824, 4, 10, 8, 0, 0, '2024-11-24 18:16:29', '2024-11-24 18:16:29'),
(825, 4, 11, 8, 0, 0, '2024-11-24 18:16:29', '2024-11-24 18:16:29'),
(826, 4, 9, 23, 0, 0, '2024-11-24 18:16:29', '2024-11-24 18:16:29'),
(827, 4, 10, 23, 0, 0, '2024-11-24 18:16:29', '2024-11-24 18:16:29'),
(828, 4, 11, 23, 0, 0, '2024-11-24 18:16:29', '2024-11-24 18:16:29'),
(829, 5, 9, 1, 0, 0, '2024-11-24 18:16:29', '2024-11-24 18:16:29'),
(830, 5, 10, 1, 0, 0, '2024-11-24 18:16:29', '2024-11-24 18:16:29'),
(831, 5, 11, 1, 0, 0, '2024-11-24 18:16:29', '2024-11-24 18:16:29'),
(832, 5, 9, 2, 0, 0, '2024-11-24 18:16:29', '2024-11-24 18:16:29'),
(833, 5, 10, 2, 0, 0, '2024-11-24 18:16:29', '2024-11-24 18:16:29'),
(834, 5, 11, 2, 0, 0, '2024-11-24 18:16:29', '2024-11-24 18:16:29'),
(835, 5, 9, 3, 0, 0, '2024-11-24 18:16:29', '2024-11-24 18:16:29'),
(836, 5, 10, 3, 0, 0, '2024-11-24 18:16:29', '2024-11-24 18:16:29'),
(837, 5, 11, 3, 0, 0, '2024-11-24 18:16:29', '2024-11-24 18:16:29'),
(838, 5, 9, 4, 0, 0, '2024-11-24 18:16:29', '2024-11-24 18:16:29'),
(839, 5, 10, 4, 0, 0, '2024-11-24 18:16:29', '2024-11-24 18:16:29'),
(840, 5, 11, 4, 0, 0, '2024-11-24 18:16:29', '2024-11-24 18:16:29'),
(841, 5, 9, 5, 0, 0, '2024-11-24 18:16:29', '2024-11-24 18:16:29'),
(842, 5, 10, 5, 0, 0, '2024-11-24 18:16:29', '2024-11-24 18:16:29'),
(843, 5, 11, 5, 0, 0, '2024-11-24 18:16:29', '2024-11-24 18:16:29'),
(844, 5, 9, 6, 0, 0, '2024-11-24 18:16:29', '2024-11-24 18:16:29'),
(845, 5, 10, 6, 0, 0, '2024-11-24 18:16:29', '2024-11-24 18:16:29'),
(846, 5, 11, 6, 0, 0, '2024-11-24 18:16:29', '2024-11-24 18:16:29'),
(847, 5, 9, 7, 0, 0, '2024-11-24 18:16:29', '2024-11-24 18:16:29'),
(848, 5, 10, 7, 0, 0, '2024-11-24 18:16:29', '2024-11-24 18:16:29'),
(849, 5, 11, 7, 0, 0, '2024-11-24 18:16:29', '2024-11-24 18:16:29'),
(850, 5, 9, 8, 0, 0, '2024-11-24 18:16:29', '2024-11-24 18:16:29'),
(851, 5, 10, 8, 0, 0, '2024-11-24 18:16:29', '2024-11-24 18:16:29'),
(852, 5, 11, 8, 0, 0, '2024-11-24 18:16:29', '2024-11-24 18:16:29'),
(853, 5, 9, 23, 0, 0, '2024-11-24 18:16:29', '2024-11-24 18:16:29'),
(854, 5, 10, 23, 0, 0, '2024-11-24 18:16:29', '2024-11-24 18:16:29'),
(855, 5, 11, 23, 0, 0, '2024-11-24 18:16:29', '2024-11-24 18:16:29'),
(856, 1, 29, 15, 0, 0, '2024-11-24 18:16:29', '2024-11-24 18:16:29'),
(857, 1, 30, 15, 0, 0, '2024-11-24 18:16:29', '2024-11-24 18:16:29'),
(858, 1, 31, 15, 0, 0, '2024-11-24 18:16:30', '2024-11-24 18:16:30'),
(859, 1, 29, 16, 0, 0, '2024-11-24 18:16:30', '2024-11-24 18:16:30'),
(860, 1, 30, 16, 0, 0, '2024-11-24 18:16:30', '2024-11-24 18:16:30'),
(861, 1, 31, 16, 0, 0, '2024-11-24 18:16:30', '2024-11-24 18:16:30'),
(862, 1, 29, 17, 0, 0, '2024-11-24 18:16:30', '2024-11-24 18:16:30'),
(863, 1, 30, 17, 0, 0, '2024-11-24 18:16:30', '2024-11-24 18:16:30'),
(864, 1, 31, 17, 0, 0, '2024-11-24 18:16:30', '2024-11-24 18:16:30'),
(865, 1, 29, 18, 0, 0, '2024-11-24 18:16:30', '2024-11-24 18:16:30'),
(866, 1, 30, 18, 0, 0, '2024-11-24 18:16:30', '2024-11-24 18:16:30'),
(867, 1, 31, 18, 0, 0, '2024-11-24 18:16:30', '2024-11-24 18:16:30'),
(868, 1, 29, 19, 0, 0, '2024-11-24 18:16:30', '2024-11-24 18:16:30'),
(869, 1, 30, 19, 0, 0, '2024-11-24 18:16:30', '2024-11-24 18:16:30'),
(870, 1, 31, 19, 0, 0, '2024-11-24 18:16:30', '2024-11-24 18:16:30'),
(871, 1, 29, 20, 0, 0, '2024-11-24 18:16:30', '2024-11-24 18:16:30'),
(872, 1, 30, 20, 0, 0, '2024-11-24 18:16:30', '2024-11-24 18:16:30'),
(873, 1, 31, 20, 0, 0, '2024-11-24 18:16:30', '2024-11-24 18:16:30'),
(874, 1, 29, 21, 0, 0, '2024-11-24 18:16:30', '2024-11-24 18:16:30'),
(875, 1, 30, 21, 0, 0, '2024-11-24 18:16:30', '2024-11-24 18:16:30'),
(876, 1, 31, 21, 0, 0, '2024-11-24 18:16:30', '2024-11-24 18:16:30'),
(877, 1, 29, 22, 0, 0, '2024-11-24 18:16:30', '2024-11-24 18:16:30'),
(878, 1, 30, 22, 0, 0, '2024-11-24 18:16:30', '2024-11-24 18:16:30'),
(879, 1, 31, 22, 0, 0, '2024-11-24 18:16:30', '2024-11-24 18:16:30'),
(880, 1, 29, 23, 0, 0, '2024-11-24 18:16:30', '2024-11-24 18:16:30'),
(881, 1, 30, 23, 0, 0, '2024-11-24 18:16:30', '2024-11-24 18:16:30'),
(882, 1, 31, 23, 0, 0, '2024-11-24 18:16:30', '2024-11-24 18:16:30'),
(883, 2, 29, 15, 0, 0, '2024-11-24 18:16:30', '2024-11-24 18:16:30'),
(884, 2, 30, 15, 0, 0, '2024-11-24 18:16:30', '2024-11-24 18:16:30'),
(885, 2, 31, 15, 0, 0, '2024-11-24 18:16:30', '2024-11-24 18:16:30'),
(886, 2, 29, 16, 0, 0, '2024-11-24 18:16:30', '2024-11-24 18:16:30'),
(887, 2, 30, 16, 0, 0, '2024-11-24 18:16:30', '2024-11-24 18:16:30'),
(888, 2, 31, 16, 0, 0, '2024-11-24 18:16:30', '2024-11-24 18:16:30'),
(889, 2, 29, 17, 0, 0, '2024-11-24 18:16:30', '2024-11-24 18:16:30'),
(890, 2, 30, 17, 0, 0, '2024-11-24 18:16:30', '2024-11-24 18:16:30'),
(891, 2, 31, 17, 0, 0, '2024-11-24 18:16:30', '2024-11-24 18:16:30'),
(892, 2, 29, 18, 0, 0, '2024-11-24 18:16:30', '2024-11-24 18:16:30'),
(893, 2, 30, 18, 0, 0, '2024-11-24 18:16:30', '2024-11-24 18:16:30'),
(894, 2, 31, 18, 0, 0, '2024-11-24 18:16:30', '2024-11-24 18:16:30'),
(895, 2, 29, 19, 0, 0, '2024-11-24 18:16:30', '2024-11-24 18:16:30'),
(896, 2, 30, 19, 0, 0, '2024-11-24 18:16:30', '2024-11-24 18:16:30'),
(897, 2, 31, 19, 0, 0, '2024-11-24 18:16:30', '2024-11-24 18:16:30'),
(898, 2, 29, 20, 0, 0, '2024-11-24 18:16:30', '2024-11-24 18:16:30'),
(899, 2, 30, 20, 0, 0, '2024-11-24 18:16:30', '2024-11-24 18:16:30'),
(900, 2, 31, 20, 0, 0, '2024-11-24 18:16:30', '2024-11-24 18:16:30'),
(901, 2, 29, 21, 0, 0, '2024-11-24 18:16:30', '2024-11-24 18:16:30'),
(902, 2, 30, 21, 0, 0, '2024-11-24 18:16:30', '2024-11-24 18:16:30'),
(903, 2, 31, 21, 0, 0, '2024-11-24 18:16:30', '2024-11-24 18:16:30'),
(904, 2, 29, 22, 0, 0, '2024-11-24 18:16:30', '2024-11-24 18:16:30'),
(905, 2, 30, 22, 0, 0, '2024-11-24 18:16:30', '2024-11-24 18:16:30'),
(906, 2, 31, 22, 0, 0, '2024-11-24 18:16:30', '2024-11-24 18:16:30'),
(907, 2, 29, 23, 0, 0, '2024-11-24 18:16:30', '2024-11-24 18:16:30'),
(908, 2, 30, 23, 0, 0, '2024-11-24 18:16:30', '2024-11-24 18:16:30'),
(909, 2, 31, 23, 0, 0, '2024-11-24 18:16:30', '2024-11-24 18:16:30'),
(910, 3, 29, 15, 0, 0, '2024-11-24 18:16:30', '2024-11-24 18:16:30'),
(911, 3, 30, 15, 0, 0, '2024-11-24 18:16:30', '2024-11-24 18:16:30'),
(912, 3, 31, 15, 0, 0, '2024-11-24 18:16:30', '2024-11-24 18:16:30'),
(913, 3, 29, 16, 0, 0, '2024-11-24 18:16:30', '2024-11-24 18:16:30'),
(914, 3, 30, 16, 0, 0, '2024-11-24 18:16:30', '2024-11-24 18:16:30'),
(915, 3, 31, 16, 0, 0, '2024-11-24 18:16:30', '2024-11-24 18:16:30'),
(916, 3, 29, 17, 0, 0, '2024-11-24 18:16:30', '2024-11-24 18:16:30'),
(917, 3, 30, 17, 0, 0, '2024-11-24 18:16:30', '2024-11-24 18:16:30'),
(918, 3, 31, 17, 0, 0, '2024-11-24 18:16:30', '2024-11-24 18:16:30'),
(919, 3, 29, 18, 0, 0, '2024-11-24 18:16:30', '2024-11-24 18:16:30'),
(920, 3, 30, 18, 0, 0, '2024-11-24 18:16:30', '2024-11-24 18:16:30'),
(921, 3, 31, 18, 0, 0, '2024-11-24 18:16:30', '2024-11-24 18:16:30'),
(922, 3, 29, 19, 0, 0, '2024-11-24 18:16:30', '2024-11-24 18:16:30'),
(923, 3, 30, 19, 0, 0, '2024-11-24 18:16:30', '2024-11-24 18:16:30'),
(924, 3, 31, 19, 0, 0, '2024-11-24 18:16:30', '2024-11-24 18:16:30');
INSERT INTO `ratings` (`id`, `judge_id`, `criteria_id`, `team_id`, `value`, `is_locked`, `created_at`, `updated_at`) VALUES
(925, 3, 29, 20, 0, 0, '2024-11-24 18:16:30', '2024-11-24 18:16:30'),
(926, 3, 30, 20, 0, 0, '2024-11-24 18:16:30', '2024-11-24 18:16:30'),
(927, 3, 31, 20, 0, 0, '2024-11-24 18:16:30', '2024-11-24 18:16:30'),
(928, 3, 29, 21, 0, 0, '2024-11-24 18:16:31', '2024-11-24 18:16:31'),
(929, 3, 30, 21, 0, 0, '2024-11-24 18:16:31', '2024-11-24 18:16:31'),
(930, 3, 31, 21, 0, 0, '2024-11-24 18:16:31', '2024-11-24 18:16:31'),
(931, 3, 29, 22, 0, 0, '2024-11-24 18:16:31', '2024-11-24 18:16:31'),
(932, 3, 30, 22, 0, 0, '2024-11-24 18:16:31', '2024-11-24 18:16:31'),
(933, 3, 31, 22, 0, 0, '2024-11-24 18:16:31', '2024-11-24 18:16:31'),
(934, 3, 29, 23, 0, 0, '2024-11-24 18:16:31', '2024-11-24 18:16:31'),
(935, 3, 30, 23, 0, 0, '2024-11-24 18:16:31', '2024-11-24 18:16:31'),
(936, 3, 31, 23, 0, 0, '2024-11-24 18:16:31', '2024-11-24 18:16:31'),
(937, 4, 29, 15, 0, 0, '2024-11-24 18:16:31', '2024-11-24 18:16:31'),
(938, 4, 30, 15, 0, 0, '2024-11-24 18:16:31', '2024-11-24 18:16:31'),
(939, 4, 31, 15, 0, 0, '2024-11-24 18:16:31', '2024-11-24 18:16:31'),
(940, 4, 29, 16, 0, 0, '2024-11-24 18:16:31', '2024-11-24 18:16:31'),
(941, 4, 30, 16, 0, 0, '2024-11-24 18:16:31', '2024-11-24 18:16:31'),
(942, 4, 31, 16, 0, 0, '2024-11-24 18:16:31', '2024-11-24 18:16:31'),
(943, 4, 29, 17, 0, 0, '2024-11-24 18:16:31', '2024-11-24 18:16:31'),
(944, 4, 30, 17, 0, 0, '2024-11-24 18:16:31', '2024-11-24 18:16:31'),
(945, 4, 31, 17, 0, 0, '2024-11-24 18:16:31', '2024-11-24 18:16:31'),
(946, 4, 29, 18, 0, 0, '2024-11-24 18:16:31', '2024-11-24 18:16:31'),
(947, 4, 30, 18, 0, 0, '2024-11-24 18:16:31', '2024-11-24 18:16:31'),
(948, 4, 31, 18, 0, 0, '2024-11-24 18:16:31', '2024-11-24 18:16:31'),
(949, 4, 29, 19, 0, 0, '2024-11-24 18:16:31', '2024-11-24 18:16:31'),
(950, 4, 30, 19, 0, 0, '2024-11-24 18:16:31', '2024-11-24 18:16:31'),
(951, 4, 31, 19, 0, 0, '2024-11-24 18:16:31', '2024-11-24 18:16:31'),
(952, 4, 29, 20, 0, 0, '2024-11-24 18:16:31', '2024-11-24 18:16:31'),
(953, 4, 30, 20, 0, 0, '2024-11-24 18:16:31', '2024-11-24 18:16:31'),
(954, 4, 31, 20, 0, 0, '2024-11-24 18:16:31', '2024-11-24 18:16:31'),
(955, 4, 29, 21, 0, 0, '2024-11-24 18:16:31', '2024-11-24 18:16:31'),
(956, 4, 30, 21, 0, 0, '2024-11-24 18:16:31', '2024-11-24 18:16:31'),
(957, 4, 31, 21, 0, 0, '2024-11-24 18:16:31', '2024-11-24 18:16:31'),
(958, 4, 29, 22, 0, 0, '2024-11-24 18:16:31', '2024-11-24 18:16:31'),
(959, 4, 30, 22, 0, 0, '2024-11-24 18:16:31', '2024-11-24 18:16:31'),
(960, 4, 31, 22, 0, 0, '2024-11-24 18:16:31', '2024-11-24 18:16:31'),
(961, 4, 29, 23, 0, 0, '2024-11-24 18:16:31', '2024-11-24 18:16:31'),
(962, 4, 30, 23, 0, 0, '2024-11-24 18:16:31', '2024-11-24 18:16:31'),
(963, 4, 31, 23, 0, 0, '2024-11-24 18:16:31', '2024-11-24 18:16:31'),
(964, 5, 29, 15, 0, 0, '2024-11-24 18:16:31', '2024-11-24 18:16:31'),
(965, 5, 30, 15, 0, 0, '2024-11-24 18:16:31', '2024-11-24 18:16:31'),
(966, 5, 31, 15, 0, 0, '2024-11-24 18:16:31', '2024-11-24 18:16:31'),
(967, 5, 29, 16, 0, 0, '2024-11-24 18:16:31', '2024-11-24 18:16:31'),
(968, 5, 30, 16, 0, 0, '2024-11-24 18:16:31', '2024-11-24 18:16:31'),
(969, 5, 31, 16, 0, 0, '2024-11-24 18:16:31', '2024-11-24 18:16:31'),
(970, 5, 29, 17, 0, 0, '2024-11-24 18:16:31', '2024-11-24 18:16:31'),
(971, 5, 30, 17, 0, 0, '2024-11-24 18:16:31', '2024-11-24 18:16:31'),
(972, 5, 31, 17, 0, 0, '2024-11-24 18:16:31', '2024-11-24 18:16:31'),
(973, 5, 29, 18, 0, 0, '2024-11-24 18:16:31', '2024-11-24 18:16:31'),
(974, 5, 30, 18, 0, 0, '2024-11-24 18:16:31', '2024-11-24 18:16:31'),
(975, 5, 31, 18, 0, 0, '2024-11-24 18:16:31', '2024-11-24 18:16:31'),
(976, 5, 29, 19, 0, 0, '2024-11-24 18:16:31', '2024-11-24 18:16:31'),
(977, 5, 30, 19, 0, 0, '2024-11-24 18:16:31', '2024-11-24 18:16:31'),
(978, 5, 31, 19, 0, 0, '2024-11-24 18:16:31', '2024-11-24 18:16:31'),
(979, 5, 29, 20, 0, 0, '2024-11-24 18:16:31', '2024-11-24 18:16:31'),
(980, 5, 30, 20, 0, 0, '2024-11-24 18:16:32', '2024-11-24 18:16:32'),
(981, 5, 31, 20, 0, 0, '2024-11-24 18:16:32', '2024-11-24 18:16:32'),
(982, 5, 29, 21, 0, 0, '2024-11-24 18:16:32', '2024-11-24 18:16:32'),
(983, 5, 30, 21, 0, 0, '2024-11-24 18:16:32', '2024-11-24 18:16:32'),
(984, 5, 31, 21, 0, 0, '2024-11-24 18:16:32', '2024-11-24 18:16:32'),
(985, 5, 29, 22, 0, 0, '2024-11-24 18:16:32', '2024-11-24 18:16:32'),
(986, 5, 30, 22, 0, 0, '2024-11-24 18:16:32', '2024-11-24 18:16:32'),
(987, 5, 31, 22, 0, 0, '2024-11-24 18:16:32', '2024-11-24 18:16:32'),
(988, 5, 29, 23, 0, 0, '2024-11-24 18:16:32', '2024-11-24 18:16:32'),
(989, 5, 30, 23, 0, 0, '2024-11-24 18:16:32', '2024-11-24 18:16:32'),
(990, 5, 31, 23, 0, 0, '2024-11-24 18:16:32', '2024-11-24 18:16:32'),
(991, 1, 9, 15, 0, 0, '2024-11-24 18:19:24', '2024-11-24 18:19:24'),
(992, 1, 10, 15, 0, 0, '2024-11-24 18:19:24', '2024-11-24 18:19:24'),
(993, 1, 11, 15, 0, 0, '2024-11-24 18:19:24', '2024-11-24 18:19:24'),
(994, 1, 9, 16, 0, 0, '2024-11-24 18:19:24', '2024-11-24 18:19:24'),
(995, 1, 10, 16, 0, 0, '2024-11-24 18:19:24', '2024-11-24 18:19:24'),
(996, 1, 11, 16, 0, 0, '2024-11-24 18:19:24', '2024-11-24 18:19:24'),
(997, 1, 9, 17, 0, 0, '2024-11-24 18:19:24', '2024-11-24 18:19:24'),
(998, 1, 10, 17, 0, 0, '2024-11-24 18:19:24', '2024-11-24 18:19:24'),
(999, 1, 11, 17, 0, 0, '2024-11-24 18:19:24', '2024-11-24 18:19:24'),
(1000, 1, 9, 18, 0, 0, '2024-11-24 18:19:24', '2024-11-24 18:19:24'),
(1001, 1, 10, 18, 0, 0, '2024-11-24 18:19:24', '2024-11-24 18:19:24'),
(1002, 1, 11, 18, 0, 0, '2024-11-24 18:19:24', '2024-11-24 18:19:24'),
(1003, 1, 9, 19, 0, 0, '2024-11-24 18:19:24', '2024-11-24 18:19:24'),
(1004, 1, 10, 19, 0, 0, '2024-11-24 18:19:24', '2024-11-24 18:19:24'),
(1005, 1, 11, 19, 0, 0, '2024-11-24 18:19:24', '2024-11-24 18:19:24'),
(1006, 1, 9, 20, 0, 0, '2024-11-24 18:19:24', '2024-11-24 18:19:24'),
(1007, 1, 10, 20, 0, 0, '2024-11-24 18:19:24', '2024-11-24 18:19:24'),
(1008, 1, 11, 20, 0, 0, '2024-11-24 18:19:24', '2024-11-24 18:19:24'),
(1009, 1, 9, 21, 0, 0, '2024-11-24 18:19:24', '2024-11-24 18:19:24'),
(1010, 1, 10, 21, 0, 0, '2024-11-24 18:19:24', '2024-11-24 18:19:24'),
(1011, 1, 11, 21, 0, 0, '2024-11-24 18:19:24', '2024-11-24 18:19:24'),
(1012, 1, 9, 22, 0, 0, '2024-11-24 18:19:25', '2024-11-24 18:19:25'),
(1013, 1, 10, 22, 0, 0, '2024-11-24 18:19:25', '2024-11-24 18:19:25'),
(1014, 1, 11, 22, 0, 0, '2024-11-24 18:19:25', '2024-11-24 18:19:25'),
(1015, 2, 9, 15, 0, 0, '2024-11-24 18:19:25', '2024-11-24 18:19:25'),
(1016, 2, 10, 15, 0, 0, '2024-11-24 18:19:25', '2024-11-24 18:19:25'),
(1017, 2, 11, 15, 0, 0, '2024-11-24 18:19:25', '2024-11-24 18:19:25'),
(1018, 2, 9, 16, 0, 0, '2024-11-24 18:19:25', '2024-11-24 18:19:25'),
(1019, 2, 10, 16, 0, 0, '2024-11-24 18:19:25', '2024-11-24 18:19:25'),
(1020, 2, 11, 16, 0, 0, '2024-11-24 18:19:25', '2024-11-24 18:19:25'),
(1021, 2, 9, 17, 0, 0, '2024-11-24 18:19:25', '2024-11-24 18:19:25'),
(1022, 2, 10, 17, 0, 0, '2024-11-24 18:19:25', '2024-11-24 18:19:25'),
(1023, 2, 11, 17, 0, 0, '2024-11-24 18:19:25', '2024-11-24 18:19:25'),
(1024, 2, 9, 18, 0, 0, '2024-11-24 18:19:25', '2024-11-24 18:19:25'),
(1025, 2, 10, 18, 0, 0, '2024-11-24 18:19:25', '2024-11-24 18:19:25'),
(1026, 2, 11, 18, 0, 0, '2024-11-24 18:19:25', '2024-11-24 18:19:25'),
(1027, 2, 9, 19, 0, 0, '2024-11-24 18:19:25', '2024-11-24 18:19:25'),
(1028, 2, 10, 19, 0, 0, '2024-11-24 18:19:25', '2024-11-24 18:19:25'),
(1029, 2, 11, 19, 0, 0, '2024-11-24 18:19:25', '2024-11-24 18:19:25'),
(1030, 2, 9, 20, 0, 0, '2024-11-24 18:19:25', '2024-11-24 18:19:25'),
(1031, 2, 10, 20, 0, 0, '2024-11-24 18:19:25', '2024-11-24 18:19:25'),
(1032, 2, 11, 20, 0, 0, '2024-11-24 18:19:25', '2024-11-24 18:19:25'),
(1033, 2, 9, 21, 0, 0, '2024-11-24 18:19:25', '2024-11-24 18:19:25'),
(1034, 2, 10, 21, 0, 0, '2024-11-24 18:19:25', '2024-11-24 18:19:25'),
(1035, 2, 11, 21, 0, 0, '2024-11-24 18:19:25', '2024-11-24 18:19:25'),
(1036, 2, 9, 22, 0, 0, '2024-11-24 18:19:25', '2024-11-24 18:19:25'),
(1037, 2, 10, 22, 0, 0, '2024-11-24 18:19:25', '2024-11-24 18:19:25'),
(1038, 2, 11, 22, 0, 0, '2024-11-24 18:19:25', '2024-11-24 18:19:25'),
(1039, 3, 9, 15, 0, 0, '2024-11-24 18:19:25', '2024-11-24 18:19:25'),
(1040, 3, 10, 15, 0, 0, '2024-11-24 18:19:25', '2024-11-24 18:19:25'),
(1041, 3, 11, 15, 0, 0, '2024-11-24 18:19:25', '2024-11-24 18:19:25'),
(1042, 3, 9, 16, 0, 0, '2024-11-24 18:19:25', '2024-11-24 18:19:25'),
(1043, 3, 10, 16, 0, 0, '2024-11-24 18:19:25', '2024-11-24 18:19:25'),
(1044, 3, 11, 16, 0, 0, '2024-11-24 18:19:25', '2024-11-24 18:19:25'),
(1045, 3, 9, 17, 0, 0, '2024-11-24 18:19:25', '2024-11-24 18:19:25'),
(1046, 3, 10, 17, 0, 0, '2024-11-24 18:19:25', '2024-11-24 18:19:25'),
(1047, 3, 11, 17, 0, 0, '2024-11-24 18:19:25', '2024-11-24 18:19:25'),
(1048, 3, 9, 18, 0, 0, '2024-11-24 18:19:25', '2024-11-24 18:19:25'),
(1049, 3, 10, 18, 0, 0, '2024-11-24 18:19:25', '2024-11-24 18:19:25'),
(1050, 3, 11, 18, 0, 0, '2024-11-24 18:19:25', '2024-11-24 18:19:25'),
(1051, 3, 9, 19, 0, 0, '2024-11-24 18:19:25', '2024-11-24 18:19:25'),
(1052, 3, 10, 19, 0, 0, '2024-11-24 18:19:25', '2024-11-24 18:19:25'),
(1053, 3, 11, 19, 0, 0, '2024-11-24 18:19:25', '2024-11-24 18:19:25'),
(1054, 3, 9, 20, 0, 0, '2024-11-24 18:19:25', '2024-11-24 18:19:25'),
(1055, 3, 10, 20, 0, 0, '2024-11-24 18:19:25', '2024-11-24 18:19:25'),
(1056, 3, 11, 20, 0, 0, '2024-11-24 18:19:25', '2024-11-24 18:19:25'),
(1057, 3, 9, 21, 0, 0, '2024-11-24 18:19:25', '2024-11-24 18:19:25'),
(1058, 3, 10, 21, 0, 0, '2024-11-24 18:19:25', '2024-11-24 18:19:25'),
(1059, 3, 11, 21, 0, 0, '2024-11-24 18:19:25', '2024-11-24 18:19:25'),
(1060, 3, 9, 22, 0, 0, '2024-11-24 18:19:25', '2024-11-24 18:19:25'),
(1061, 3, 10, 22, 0, 0, '2024-11-24 18:19:25', '2024-11-24 18:19:25'),
(1062, 3, 11, 22, 0, 0, '2024-11-24 18:19:25', '2024-11-24 18:19:25'),
(1063, 4, 9, 15, 0, 0, '2024-11-24 18:19:25', '2024-11-24 18:19:25'),
(1064, 4, 10, 15, 0, 0, '2024-11-24 18:19:26', '2024-11-24 18:19:26'),
(1065, 4, 11, 15, 0, 0, '2024-11-24 18:19:26', '2024-11-24 18:19:26'),
(1066, 4, 9, 16, 0, 0, '2024-11-24 18:19:26', '2024-11-24 18:19:26'),
(1067, 4, 10, 16, 0, 0, '2024-11-24 18:19:26', '2024-11-24 18:19:26'),
(1068, 4, 11, 16, 0, 0, '2024-11-24 18:19:26', '2024-11-24 18:19:26'),
(1069, 4, 9, 17, 0, 0, '2024-11-24 18:19:26', '2024-11-24 18:19:26'),
(1070, 4, 10, 17, 0, 0, '2024-11-24 18:19:26', '2024-11-24 18:19:26'),
(1071, 4, 11, 17, 0, 0, '2024-11-24 18:19:26', '2024-11-24 18:19:26'),
(1072, 4, 9, 18, 0, 0, '2024-11-24 18:19:26', '2024-11-24 18:19:26'),
(1073, 4, 10, 18, 0, 0, '2024-11-24 18:19:26', '2024-11-24 18:19:26'),
(1074, 4, 11, 18, 0, 0, '2024-11-24 18:19:26', '2024-11-24 18:19:26'),
(1075, 4, 9, 19, 0, 0, '2024-11-24 18:19:26', '2024-11-24 18:19:26'),
(1076, 4, 10, 19, 0, 0, '2024-11-24 18:19:26', '2024-11-24 18:19:26'),
(1077, 4, 11, 19, 0, 0, '2024-11-24 18:19:26', '2024-11-24 18:19:26'),
(1078, 4, 9, 20, 0, 0, '2024-11-24 18:19:26', '2024-11-24 18:19:26'),
(1079, 4, 10, 20, 0, 0, '2024-11-24 18:19:26', '2024-11-24 18:19:26'),
(1080, 4, 11, 20, 0, 0, '2024-11-24 18:19:26', '2024-11-24 18:19:26'),
(1081, 4, 9, 21, 0, 0, '2024-11-24 18:19:26', '2024-11-24 18:19:26'),
(1082, 4, 10, 21, 0, 0, '2024-11-24 18:19:26', '2024-11-24 18:19:26'),
(1083, 4, 11, 21, 0, 0, '2024-11-24 18:19:26', '2024-11-24 18:19:26'),
(1084, 4, 9, 22, 0, 0, '2024-11-24 18:19:26', '2024-11-24 18:19:26'),
(1085, 4, 10, 22, 0, 0, '2024-11-24 18:19:26', '2024-11-24 18:19:26'),
(1086, 4, 11, 22, 0, 0, '2024-11-24 18:19:26', '2024-11-24 18:19:26'),
(1087, 5, 9, 15, 0, 0, '2024-11-24 18:19:26', '2024-11-24 18:19:26'),
(1088, 5, 10, 15, 0, 0, '2024-11-24 18:19:26', '2024-11-24 18:19:26'),
(1089, 5, 11, 15, 0, 0, '2024-11-24 18:19:26', '2024-11-24 18:19:26'),
(1090, 5, 9, 16, 0, 0, '2024-11-24 18:19:26', '2024-11-24 18:19:26'),
(1091, 5, 10, 16, 0, 0, '2024-11-24 18:19:26', '2024-11-24 18:19:26'),
(1092, 5, 11, 16, 0, 0, '2024-11-24 18:19:26', '2024-11-24 18:19:26'),
(1093, 5, 9, 17, 0, 0, '2024-11-24 18:19:26', '2024-11-24 18:19:26'),
(1094, 5, 10, 17, 0, 0, '2024-11-24 18:19:26', '2024-11-24 18:19:26'),
(1095, 5, 11, 17, 0, 0, '2024-11-24 18:19:26', '2024-11-24 18:19:26'),
(1096, 5, 9, 18, 0, 0, '2024-11-24 18:19:26', '2024-11-24 18:19:26'),
(1097, 5, 10, 18, 0, 0, '2024-11-24 18:19:26', '2024-11-24 18:19:26'),
(1098, 5, 11, 18, 0, 0, '2024-11-24 18:19:26', '2024-11-24 18:19:26'),
(1099, 5, 9, 19, 0, 0, '2024-11-24 18:19:26', '2024-11-24 18:19:26'),
(1100, 5, 10, 19, 0, 0, '2024-11-24 18:19:26', '2024-11-24 18:19:26'),
(1101, 5, 11, 19, 0, 0, '2024-11-24 18:19:26', '2024-11-24 18:19:26'),
(1102, 5, 9, 20, 0, 0, '2024-11-24 18:19:26', '2024-11-24 18:19:26'),
(1103, 5, 10, 20, 0, 0, '2024-11-24 18:19:26', '2024-11-24 18:19:26'),
(1104, 5, 11, 20, 0, 0, '2024-11-24 18:19:26', '2024-11-24 18:19:26'),
(1105, 5, 9, 21, 0, 0, '2024-11-24 18:19:26', '2024-11-24 18:19:26'),
(1106, 5, 10, 21, 0, 0, '2024-11-24 18:19:26', '2024-11-24 18:19:26'),
(1107, 5, 11, 21, 0, 0, '2024-11-24 18:19:26', '2024-11-24 18:19:26'),
(1108, 5, 9, 22, 0, 0, '2024-11-24 18:19:26', '2024-11-24 18:19:26'),
(1109, 5, 10, 22, 0, 0, '2024-11-24 18:19:26', '2024-11-24 18:19:26'),
(1110, 5, 11, 22, 0, 0, '2024-11-24 18:19:26', '2024-11-24 18:19:26'),
(1111, 1, 29, 1, 0, 0, '2024-11-24 18:19:26', '2024-11-24 18:19:26'),
(1112, 1, 30, 1, 0, 0, '2024-11-24 18:19:26', '2024-11-24 18:19:26'),
(1113, 1, 31, 1, 0, 0, '2024-11-24 18:19:26', '2024-11-24 18:19:26'),
(1114, 1, 29, 2, 0, 0, '2024-11-24 18:19:26', '2024-11-24 18:19:26'),
(1115, 1, 30, 2, 0, 0, '2024-11-24 18:19:26', '2024-11-24 18:19:26'),
(1116, 1, 31, 2, 0, 0, '2024-11-24 18:19:26', '2024-11-24 18:19:26'),
(1117, 1, 29, 3, 0, 0, '2024-11-24 18:19:26', '2024-11-24 18:19:26'),
(1118, 1, 30, 3, 0, 0, '2024-11-24 18:19:27', '2024-11-24 18:19:27'),
(1119, 1, 31, 3, 0, 0, '2024-11-24 18:19:27', '2024-11-24 18:19:27'),
(1120, 1, 29, 4, 0, 0, '2024-11-24 18:19:27', '2024-11-24 18:19:27'),
(1121, 1, 30, 4, 0, 0, '2024-11-24 18:19:27', '2024-11-24 18:19:27'),
(1122, 1, 31, 4, 0, 0, '2024-11-24 18:19:27', '2024-11-24 18:19:27'),
(1123, 1, 29, 5, 0, 0, '2024-11-24 18:19:27', '2024-11-24 18:19:27'),
(1124, 1, 30, 5, 0, 0, '2024-11-24 18:19:27', '2024-11-24 18:19:27'),
(1125, 1, 31, 5, 0, 0, '2024-11-24 18:19:27', '2024-11-24 18:19:27'),
(1126, 1, 29, 6, 0, 0, '2024-11-24 18:19:27', '2024-11-24 18:19:27'),
(1127, 1, 30, 6, 0, 0, '2024-11-24 18:19:27', '2024-11-24 18:19:27'),
(1128, 1, 31, 6, 0, 0, '2024-11-24 18:19:27', '2024-11-24 18:19:27'),
(1129, 1, 29, 7, 0, 0, '2024-11-24 18:19:27', '2024-11-24 18:19:27'),
(1130, 1, 30, 7, 0, 0, '2024-11-24 18:19:27', '2024-11-24 18:19:27'),
(1131, 1, 31, 7, 0, 0, '2024-11-24 18:19:27', '2024-11-24 18:19:27'),
(1132, 1, 29, 8, 0, 0, '2024-11-24 18:19:27', '2024-11-24 18:19:27'),
(1133, 1, 30, 8, 0, 0, '2024-11-24 18:19:27', '2024-11-24 18:19:27'),
(1134, 1, 31, 8, 0, 0, '2024-11-24 18:19:27', '2024-11-24 18:19:27'),
(1135, 2, 29, 1, 0, 0, '2024-11-24 18:19:27', '2024-11-24 18:19:27'),
(1136, 2, 30, 1, 0, 0, '2024-11-24 18:19:27', '2024-11-24 18:19:27'),
(1137, 2, 31, 1, 0, 0, '2024-11-24 18:19:27', '2024-11-24 18:19:27'),
(1138, 2, 29, 2, 0, 0, '2024-11-24 18:19:27', '2024-11-24 18:19:27'),
(1139, 2, 30, 2, 0, 0, '2024-11-24 18:19:27', '2024-11-24 18:19:27'),
(1140, 2, 31, 2, 0, 0, '2024-11-24 18:19:27', '2024-11-24 18:19:27'),
(1141, 2, 29, 3, 0, 0, '2024-11-24 18:19:27', '2024-11-24 18:19:27'),
(1142, 2, 30, 3, 0, 0, '2024-11-24 18:19:27', '2024-11-24 18:19:27'),
(1143, 2, 31, 3, 0, 0, '2024-11-24 18:19:27', '2024-11-24 18:19:27'),
(1144, 2, 29, 4, 0, 0, '2024-11-24 18:19:27', '2024-11-24 18:19:27'),
(1145, 2, 30, 4, 0, 0, '2024-11-24 18:19:27', '2024-11-24 18:19:27'),
(1146, 2, 31, 4, 0, 0, '2024-11-24 18:19:27', '2024-11-24 18:19:27'),
(1147, 2, 29, 5, 0, 0, '2024-11-24 18:19:27', '2024-11-24 18:19:27'),
(1148, 2, 30, 5, 0, 0, '2024-11-24 18:19:27', '2024-11-24 18:19:27'),
(1149, 2, 31, 5, 0, 0, '2024-11-24 18:19:27', '2024-11-24 18:19:27'),
(1150, 2, 29, 6, 0, 0, '2024-11-24 18:19:27', '2024-11-24 18:19:27'),
(1151, 2, 30, 6, 0, 0, '2024-11-24 18:19:27', '2024-11-24 18:19:27'),
(1152, 2, 31, 6, 0, 0, '2024-11-24 18:19:27', '2024-11-24 18:19:27'),
(1153, 2, 29, 7, 0, 0, '2024-11-24 18:19:27', '2024-11-24 18:19:27'),
(1154, 2, 30, 7, 0, 0, '2024-11-24 18:19:27', '2024-11-24 18:19:27'),
(1155, 2, 31, 7, 0, 0, '2024-11-24 18:19:27', '2024-11-24 18:19:27'),
(1156, 2, 29, 8, 0, 0, '2024-11-24 18:19:27', '2024-11-24 18:19:27'),
(1157, 2, 30, 8, 0, 0, '2024-11-24 18:19:27', '2024-11-24 18:19:27'),
(1158, 2, 31, 8, 0, 0, '2024-11-24 18:19:27', '2024-11-24 18:19:27'),
(1159, 3, 29, 1, 0, 0, '2024-11-24 18:19:27', '2024-11-24 18:19:27'),
(1160, 3, 30, 1, 0, 0, '2024-11-24 18:19:27', '2024-11-24 18:19:27'),
(1161, 3, 31, 1, 0, 0, '2024-11-24 18:19:27', '2024-11-24 18:19:27'),
(1162, 3, 29, 2, 0, 0, '2024-11-24 18:19:27', '2024-11-24 18:19:27'),
(1163, 3, 30, 2, 0, 0, '2024-11-24 18:19:27', '2024-11-24 18:19:27'),
(1164, 3, 31, 2, 0, 0, '2024-11-24 18:19:27', '2024-11-24 18:19:27'),
(1165, 3, 29, 3, 0, 0, '2024-11-24 18:19:27', '2024-11-24 18:19:27'),
(1166, 3, 30, 3, 0, 0, '2024-11-24 18:19:27', '2024-11-24 18:19:27'),
(1167, 3, 31, 3, 0, 0, '2024-11-24 18:19:27', '2024-11-24 18:19:27'),
(1168, 3, 29, 4, 0, 0, '2024-11-24 18:19:27', '2024-11-24 18:19:27'),
(1169, 3, 30, 4, 0, 0, '2024-11-24 18:19:27', '2024-11-24 18:19:27'),
(1170, 3, 31, 4, 0, 0, '2024-11-24 18:19:27', '2024-11-24 18:19:27'),
(1171, 3, 29, 5, 0, 0, '2024-11-24 18:19:27', '2024-11-24 18:19:27'),
(1172, 3, 30, 5, 0, 0, '2024-11-24 18:19:28', '2024-11-24 18:19:28'),
(1173, 3, 31, 5, 0, 0, '2024-11-24 18:19:28', '2024-11-24 18:19:28'),
(1174, 3, 29, 6, 0, 0, '2024-11-24 18:19:28', '2024-11-24 18:19:28'),
(1175, 3, 30, 6, 0, 0, '2024-11-24 18:19:28', '2024-11-24 18:19:28'),
(1176, 3, 31, 6, 0, 0, '2024-11-24 18:19:28', '2024-11-24 18:19:28'),
(1177, 3, 29, 7, 0, 0, '2024-11-24 18:19:28', '2024-11-24 18:19:28'),
(1178, 3, 30, 7, 0, 0, '2024-11-24 18:19:28', '2024-11-24 18:19:28'),
(1179, 3, 31, 7, 0, 0, '2024-11-24 18:19:28', '2024-11-24 18:19:28'),
(1180, 3, 29, 8, 0, 0, '2024-11-24 18:19:28', '2024-11-24 18:19:28'),
(1181, 3, 30, 8, 0, 0, '2024-11-24 18:19:28', '2024-11-24 18:19:28'),
(1182, 3, 31, 8, 0, 0, '2024-11-24 18:19:28', '2024-11-24 18:19:28'),
(1183, 4, 29, 1, 0, 0, '2024-11-24 18:19:28', '2024-11-24 18:19:28'),
(1184, 4, 30, 1, 0, 0, '2024-11-24 18:19:28', '2024-11-24 18:19:28'),
(1185, 4, 31, 1, 0, 0, '2024-11-24 18:19:28', '2024-11-24 18:19:28'),
(1186, 4, 29, 2, 0, 0, '2024-11-24 18:19:28', '2024-11-24 18:19:28'),
(1187, 4, 30, 2, 0, 0, '2024-11-24 18:19:28', '2024-11-24 18:19:28'),
(1188, 4, 31, 2, 0, 0, '2024-11-24 18:19:28', '2024-11-24 18:19:28'),
(1189, 4, 29, 3, 0, 0, '2024-11-24 18:19:28', '2024-11-24 18:19:28'),
(1190, 4, 30, 3, 0, 0, '2024-11-24 18:19:28', '2024-11-24 18:19:28'),
(1191, 4, 31, 3, 0, 0, '2024-11-24 18:19:28', '2024-11-24 18:19:28'),
(1192, 4, 29, 4, 0, 0, '2024-11-24 18:19:28', '2024-11-24 18:19:28'),
(1193, 4, 30, 4, 0, 0, '2024-11-24 18:19:28', '2024-11-24 18:19:28'),
(1194, 4, 31, 4, 0, 0, '2024-11-24 18:19:28', '2024-11-24 18:19:28'),
(1195, 4, 29, 5, 0, 0, '2024-11-24 18:19:28', '2024-11-24 18:19:28'),
(1196, 4, 30, 5, 0, 0, '2024-11-24 18:19:28', '2024-11-24 18:19:28'),
(1197, 4, 31, 5, 0, 0, '2024-11-24 18:19:28', '2024-11-24 18:19:28'),
(1198, 4, 29, 6, 0, 0, '2024-11-24 18:19:28', '2024-11-24 18:19:28'),
(1199, 4, 30, 6, 0, 0, '2024-11-24 18:19:28', '2024-11-24 18:19:28'),
(1200, 4, 31, 6, 0, 0, '2024-11-24 18:19:28', '2024-11-24 18:19:28'),
(1201, 4, 29, 7, 0, 0, '2024-11-24 18:19:28', '2024-11-24 18:19:28'),
(1202, 4, 30, 7, 0, 0, '2024-11-24 18:19:28', '2024-11-24 18:19:28'),
(1203, 4, 31, 7, 0, 0, '2024-11-24 18:19:28', '2024-11-24 18:19:28'),
(1204, 4, 29, 8, 0, 0, '2024-11-24 18:19:28', '2024-11-24 18:19:28'),
(1205, 4, 30, 8, 0, 0, '2024-11-24 18:19:28', '2024-11-24 18:19:28'),
(1206, 4, 31, 8, 0, 0, '2024-11-24 18:19:28', '2024-11-24 18:19:28'),
(1207, 5, 29, 1, 0, 0, '2024-11-24 18:19:28', '2024-11-24 18:19:28'),
(1208, 5, 30, 1, 0, 0, '2024-11-24 18:19:28', '2024-11-24 18:19:28'),
(1209, 5, 31, 1, 0, 0, '2024-11-24 18:19:28', '2024-11-24 18:19:28'),
(1210, 5, 29, 2, 0, 0, '2024-11-24 18:19:28', '2024-11-24 18:19:28'),
(1211, 5, 30, 2, 0, 0, '2024-11-24 18:19:28', '2024-11-24 18:19:28'),
(1212, 5, 31, 2, 0, 0, '2024-11-24 18:19:28', '2024-11-24 18:19:28'),
(1213, 5, 29, 3, 0, 0, '2024-11-24 18:19:28', '2024-11-24 18:19:28'),
(1214, 5, 30, 3, 0, 0, '2024-11-24 18:19:28', '2024-11-24 18:19:28'),
(1215, 5, 31, 3, 0, 0, '2024-11-24 18:19:28', '2024-11-24 18:19:28'),
(1216, 5, 29, 4, 0, 0, '2024-11-24 18:19:28', '2024-11-24 18:19:28'),
(1217, 5, 30, 4, 0, 0, '2024-11-24 18:19:28', '2024-11-24 18:19:28'),
(1218, 5, 31, 4, 0, 0, '2024-11-24 18:19:28', '2024-11-24 18:19:28'),
(1219, 5, 29, 5, 0, 0, '2024-11-24 18:19:28', '2024-11-24 18:19:28'),
(1220, 5, 30, 5, 0, 0, '2024-11-24 18:19:28', '2024-11-24 18:19:28'),
(1221, 5, 31, 5, 0, 0, '2024-11-24 18:19:28', '2024-11-24 18:19:28'),
(1222, 5, 29, 6, 0, 0, '2024-11-24 18:19:28', '2024-11-24 18:19:28'),
(1223, 5, 30, 6, 0, 0, '2024-11-24 18:19:28', '2024-11-24 18:19:28'),
(1224, 5, 31, 6, 0, 0, '2024-11-24 18:19:28', '2024-11-24 18:19:28'),
(1225, 5, 29, 7, 0, 0, '2024-11-24 18:19:28', '2024-11-24 18:19:28'),
(1226, 5, 30, 7, 0, 0, '2024-11-24 18:19:28', '2024-11-24 18:19:28'),
(1227, 5, 31, 7, 0, 0, '2024-11-24 18:19:28', '2024-11-24 18:19:28'),
(1228, 5, 29, 8, 0, 0, '2024-11-24 18:19:28', '2024-11-24 18:19:28'),
(1229, 5, 30, 8, 0, 0, '2024-11-24 18:19:28', '2024-11-24 18:19:28'),
(1230, 5, 31, 8, 0, 0, '2024-11-24 18:19:28', '2024-11-24 18:19:28'),
(1231, 1, 21, 1, 0, 0, '2024-11-24 18:36:41', '2024-11-24 18:36:41'),
(1232, 1, 22, 1, 0, 0, '2024-11-24 18:36:41', '2024-11-24 18:36:41'),
(1233, 1, 23, 1, 0, 0, '2024-11-24 18:36:41', '2024-11-24 18:36:41'),
(1234, 1, 21, 2, 0, 0, '2024-11-24 18:36:41', '2024-11-24 18:36:41'),
(1235, 1, 22, 2, 0, 0, '2024-11-24 18:36:41', '2024-11-24 18:36:41'),
(1236, 1, 23, 2, 0, 0, '2024-11-24 18:36:41', '2024-11-24 18:36:41'),
(1237, 1, 21, 3, 0, 0, '2024-11-24 18:36:41', '2024-11-24 18:36:41'),
(1238, 1, 22, 3, 0, 0, '2024-11-24 18:36:41', '2024-11-24 18:36:41'),
(1239, 1, 23, 3, 0, 0, '2024-11-24 18:36:41', '2024-11-24 18:36:41'),
(1240, 1, 21, 4, 0, 0, '2024-11-24 18:36:41', '2024-11-24 18:36:41'),
(1241, 1, 22, 4, 0, 0, '2024-11-24 18:36:41', '2024-11-24 18:36:41'),
(1242, 1, 23, 4, 0, 0, '2024-11-24 18:36:41', '2024-11-24 18:36:41'),
(1243, 1, 21, 5, 0, 0, '2024-11-24 18:36:41', '2024-11-24 18:36:41'),
(1244, 1, 22, 5, 0, 0, '2024-11-24 18:36:41', '2024-11-24 18:36:41'),
(1245, 1, 23, 5, 0, 0, '2024-11-24 18:36:41', '2024-11-24 18:36:41'),
(1246, 1, 21, 6, 0, 0, '2024-11-24 18:36:41', '2024-11-24 18:36:41'),
(1247, 1, 22, 6, 0, 0, '2024-11-24 18:36:41', '2024-11-24 18:36:41'),
(1248, 1, 23, 6, 0, 0, '2024-11-24 18:36:41', '2024-11-24 18:36:41'),
(1249, 1, 21, 7, 0, 0, '2024-11-24 18:36:41', '2024-11-24 18:36:41'),
(1250, 1, 22, 7, 0, 0, '2024-11-24 18:36:41', '2024-11-24 18:36:41'),
(1251, 1, 23, 7, 0, 0, '2024-11-24 18:36:41', '2024-11-24 18:36:41'),
(1252, 1, 21, 8, 0, 0, '2024-11-24 18:36:41', '2024-11-24 18:36:41'),
(1253, 1, 22, 8, 0, 0, '2024-11-24 18:36:41', '2024-11-24 18:36:41'),
(1254, 1, 23, 8, 0, 0, '2024-11-24 18:36:41', '2024-11-24 18:36:41'),
(1255, 2, 21, 1, 0, 0, '2024-11-24 18:36:41', '2024-11-24 18:36:41'),
(1256, 2, 22, 1, 0, 0, '2024-11-24 18:36:41', '2024-11-24 18:36:41'),
(1257, 2, 23, 1, 0, 0, '2024-11-24 18:36:41', '2024-11-24 18:36:41'),
(1258, 2, 21, 2, 0, 0, '2024-11-24 18:36:41', '2024-11-24 18:36:41'),
(1259, 2, 22, 2, 0, 0, '2024-11-24 18:36:41', '2024-11-24 18:36:41'),
(1260, 2, 23, 2, 0, 0, '2024-11-24 18:36:41', '2024-11-24 18:36:41'),
(1261, 2, 21, 3, 0, 0, '2024-11-24 18:36:41', '2024-11-24 18:36:41'),
(1262, 2, 22, 3, 0, 0, '2024-11-24 18:36:41', '2024-11-24 18:36:41'),
(1263, 2, 23, 3, 0, 0, '2024-11-24 18:36:41', '2024-11-24 18:36:41'),
(1264, 2, 21, 4, 0, 0, '2024-11-24 18:36:41', '2024-11-24 18:36:41'),
(1265, 2, 22, 4, 0, 0, '2024-11-24 18:36:41', '2024-11-24 18:36:41'),
(1266, 2, 23, 4, 0, 0, '2024-11-24 18:36:41', '2024-11-24 18:36:41'),
(1267, 2, 21, 5, 0, 0, '2024-11-24 18:36:41', '2024-11-24 18:36:41'),
(1268, 2, 22, 5, 0, 0, '2024-11-24 18:36:41', '2024-11-24 18:36:41'),
(1269, 2, 23, 5, 0, 0, '2024-11-24 18:36:41', '2024-11-24 18:36:41'),
(1270, 2, 21, 6, 0, 0, '2024-11-24 18:36:41', '2024-11-24 18:36:41'),
(1271, 2, 22, 6, 0, 0, '2024-11-24 18:36:41', '2024-11-24 18:36:41'),
(1272, 2, 23, 6, 0, 0, '2024-11-24 18:36:41', '2024-11-24 18:36:41'),
(1273, 2, 21, 7, 0, 0, '2024-11-24 18:36:41', '2024-11-24 18:36:41'),
(1274, 2, 22, 7, 0, 0, '2024-11-24 18:36:41', '2024-11-24 18:36:41'),
(1275, 2, 23, 7, 0, 0, '2024-11-24 18:36:41', '2024-11-24 18:36:41'),
(1276, 2, 21, 8, 0, 0, '2024-11-24 18:36:41', '2024-11-24 18:36:41'),
(1277, 2, 22, 8, 0, 0, '2024-11-24 18:36:41', '2024-11-24 18:36:41'),
(1278, 2, 23, 8, 0, 0, '2024-11-24 18:36:41', '2024-11-24 18:36:41'),
(1279, 3, 21, 1, 0, 0, '2024-11-24 18:36:41', '2024-11-24 18:36:41'),
(1280, 3, 22, 1, 0, 0, '2024-11-24 18:36:42', '2024-11-24 18:36:42'),
(1281, 3, 23, 1, 0, 0, '2024-11-24 18:36:42', '2024-11-24 18:36:42'),
(1282, 3, 21, 2, 0, 0, '2024-11-24 18:36:42', '2024-11-24 18:36:42'),
(1283, 3, 22, 2, 0, 0, '2024-11-24 18:36:42', '2024-11-24 18:36:42'),
(1284, 3, 23, 2, 0, 0, '2024-11-24 18:36:42', '2024-11-24 18:36:42'),
(1285, 3, 21, 3, 0, 0, '2024-11-24 18:36:42', '2024-11-24 18:36:42'),
(1286, 3, 22, 3, 0, 0, '2024-11-24 18:36:42', '2024-11-24 18:36:42'),
(1287, 3, 23, 3, 0, 0, '2024-11-24 18:36:42', '2024-11-24 18:36:42'),
(1288, 3, 21, 4, 0, 0, '2024-11-24 18:36:42', '2024-11-24 18:36:42'),
(1289, 3, 22, 4, 0, 0, '2024-11-24 18:36:42', '2024-11-24 18:36:42'),
(1290, 3, 23, 4, 0, 0, '2024-11-24 18:36:42', '2024-11-24 18:36:42'),
(1291, 3, 21, 5, 0, 0, '2024-11-24 18:36:42', '2024-11-24 18:36:42'),
(1292, 3, 22, 5, 0, 0, '2024-11-24 18:36:42', '2024-11-24 18:36:42'),
(1293, 3, 23, 5, 0, 0, '2024-11-24 18:36:42', '2024-11-24 18:36:42'),
(1294, 3, 21, 6, 0, 0, '2024-11-24 18:36:42', '2024-11-24 18:36:42'),
(1295, 3, 22, 6, 0, 0, '2024-11-24 18:36:42', '2024-11-24 18:36:42'),
(1296, 3, 23, 6, 0, 0, '2024-11-24 18:36:42', '2024-11-24 18:36:42'),
(1297, 3, 21, 7, 0, 0, '2024-11-24 18:36:42', '2024-11-24 18:36:42'),
(1298, 3, 22, 7, 0, 0, '2024-11-24 18:36:42', '2024-11-24 18:36:42'),
(1299, 3, 23, 7, 0, 0, '2024-11-24 18:36:42', '2024-11-24 18:36:42'),
(1300, 3, 21, 8, 0, 0, '2024-11-24 18:36:42', '2024-11-24 18:36:42'),
(1301, 3, 22, 8, 0, 0, '2024-11-24 18:36:42', '2024-11-24 18:36:42'),
(1302, 3, 23, 8, 0, 0, '2024-11-24 18:36:42', '2024-11-24 18:36:42'),
(1303, 4, 21, 1, 0, 0, '2024-11-24 18:36:42', '2024-11-24 18:36:42'),
(1304, 4, 22, 1, 0, 0, '2024-11-24 18:36:42', '2024-11-24 18:36:42'),
(1305, 4, 23, 1, 0, 0, '2024-11-24 18:36:42', '2024-11-24 18:36:42'),
(1306, 4, 21, 2, 0, 0, '2024-11-24 18:36:42', '2024-11-24 18:36:42'),
(1307, 4, 22, 2, 0, 0, '2024-11-24 18:36:42', '2024-11-24 18:36:42'),
(1308, 4, 23, 2, 0, 0, '2024-11-24 18:36:42', '2024-11-24 18:36:42'),
(1309, 4, 21, 3, 0, 0, '2024-11-24 18:36:42', '2024-11-24 18:36:42'),
(1310, 4, 22, 3, 0, 0, '2024-11-24 18:36:42', '2024-11-24 18:36:42'),
(1311, 4, 23, 3, 0, 0, '2024-11-24 18:36:42', '2024-11-24 18:36:42'),
(1312, 4, 21, 4, 0, 0, '2024-11-24 18:36:42', '2024-11-24 18:36:42'),
(1313, 4, 22, 4, 0, 0, '2024-11-24 18:36:42', '2024-11-24 18:36:42'),
(1314, 4, 23, 4, 0, 0, '2024-11-24 18:36:42', '2024-11-24 18:36:42'),
(1315, 4, 21, 5, 0, 0, '2024-11-24 18:36:42', '2024-11-24 18:36:42'),
(1316, 4, 22, 5, 0, 0, '2024-11-24 18:36:42', '2024-11-24 18:36:42'),
(1317, 4, 23, 5, 0, 0, '2024-11-24 18:36:42', '2024-11-24 18:36:42'),
(1318, 4, 21, 6, 0, 0, '2024-11-24 18:36:42', '2024-11-24 18:36:42'),
(1319, 4, 22, 6, 0, 0, '2024-11-24 18:36:42', '2024-11-24 18:36:42'),
(1320, 4, 23, 6, 0, 0, '2024-11-24 18:36:42', '2024-11-24 18:36:42'),
(1321, 4, 21, 7, 0, 0, '2024-11-24 18:36:42', '2024-11-24 18:36:42'),
(1322, 4, 22, 7, 0, 0, '2024-11-24 18:36:42', '2024-11-24 18:36:42'),
(1323, 4, 23, 7, 0, 0, '2024-11-24 18:36:42', '2024-11-24 18:36:42'),
(1324, 4, 21, 8, 0, 0, '2024-11-24 18:36:42', '2024-11-24 18:36:42'),
(1325, 4, 22, 8, 0, 0, '2024-11-24 18:36:42', '2024-11-24 18:36:42'),
(1326, 4, 23, 8, 0, 0, '2024-11-24 18:36:42', '2024-11-24 18:36:42'),
(1327, 5, 21, 1, 0, 0, '2024-11-24 18:36:42', '2024-11-24 18:36:42'),
(1328, 5, 22, 1, 0, 0, '2024-11-24 18:36:43', '2024-11-24 18:36:43'),
(1329, 5, 23, 1, 0, 0, '2024-11-24 18:36:43', '2024-11-24 18:36:43'),
(1330, 5, 21, 2, 0, 0, '2024-11-24 18:36:43', '2024-11-24 18:36:43'),
(1331, 5, 22, 2, 0, 0, '2024-11-24 18:36:43', '2024-11-24 18:36:43'),
(1332, 5, 23, 2, 0, 0, '2024-11-24 18:36:43', '2024-11-24 18:36:43'),
(1333, 5, 21, 3, 0, 0, '2024-11-24 18:36:43', '2024-11-24 18:36:43'),
(1334, 5, 22, 3, 0, 0, '2024-11-24 18:36:43', '2024-11-24 18:36:43'),
(1335, 5, 23, 3, 0, 0, '2024-11-24 18:36:43', '2024-11-24 18:36:43'),
(1336, 5, 21, 4, 0, 0, '2024-11-24 18:36:43', '2024-11-24 18:36:43'),
(1337, 5, 22, 4, 0, 0, '2024-11-24 18:36:43', '2024-11-24 18:36:43'),
(1338, 5, 23, 4, 0, 0, '2024-11-24 18:36:43', '2024-11-24 18:36:43'),
(1339, 5, 21, 5, 0, 0, '2024-11-24 18:36:43', '2024-11-24 18:36:43'),
(1340, 5, 22, 5, 0, 0, '2024-11-24 18:36:43', '2024-11-24 18:36:43'),
(1341, 5, 23, 5, 0, 0, '2024-11-24 18:36:43', '2024-11-24 18:36:43'),
(1342, 5, 21, 6, 0, 0, '2024-11-24 18:36:43', '2024-11-24 18:36:43'),
(1343, 5, 22, 6, 0, 0, '2024-11-24 18:36:43', '2024-11-24 18:36:43'),
(1344, 5, 23, 6, 0, 0, '2024-11-24 18:36:43', '2024-11-24 18:36:43'),
(1345, 5, 21, 7, 0, 0, '2024-11-24 18:36:43', '2024-11-24 18:36:43'),
(1346, 5, 22, 7, 0, 0, '2024-11-24 18:36:43', '2024-11-24 18:36:43'),
(1347, 5, 23, 7, 0, 0, '2024-11-24 18:36:43', '2024-11-24 18:36:43'),
(1348, 5, 21, 8, 0, 0, '2024-11-24 18:36:43', '2024-11-24 18:36:43'),
(1349, 5, 22, 8, 0, 0, '2024-11-24 18:36:43', '2024-11-24 18:36:43'),
(1350, 5, 23, 8, 0, 0, '2024-11-24 18:36:43', '2024-11-24 18:36:43'),
(1351, 1, 1, 9, 0, 0, '2024-11-24 18:44:11', '2024-11-24 18:44:11'),
(1352, 1, 2, 9, 0, 0, '2024-11-24 18:44:11', '2024-11-24 18:44:11'),
(1353, 1, 3, 9, 0, 0, '2024-11-24 18:44:11', '2024-11-24 18:44:11'),
(1354, 2, 1, 9, 0, 0, '2024-11-24 18:44:11', '2024-11-24 18:44:11'),
(1355, 2, 2, 9, 0, 0, '2024-11-24 18:44:11', '2024-11-24 18:44:11'),
(1356, 2, 3, 9, 0, 0, '2024-11-24 18:44:11', '2024-11-24 18:44:11'),
(1357, 3, 1, 9, 0, 0, '2024-11-24 18:44:11', '2024-11-24 18:44:11'),
(1358, 3, 2, 9, 0, 0, '2024-11-24 18:44:11', '2024-11-24 18:44:11'),
(1359, 3, 3, 9, 0, 0, '2024-11-24 18:44:11', '2024-11-24 18:44:11'),
(1360, 4, 1, 9, 0, 0, '2024-11-24 18:44:12', '2024-11-24 18:44:12'),
(1361, 4, 2, 9, 0, 0, '2024-11-24 18:44:12', '2024-11-24 18:44:12'),
(1362, 4, 3, 9, 0, 0, '2024-11-24 18:44:12', '2024-11-24 18:44:12'),
(1363, 5, 1, 9, 0, 0, '2024-11-24 18:44:12', '2024-11-24 18:44:12'),
(1364, 5, 2, 9, 0, 0, '2024-11-24 18:44:12', '2024-11-24 18:44:12'),
(1365, 5, 3, 9, 0, 0, '2024-11-24 18:44:12', '2024-11-24 18:44:12'),
(1366, 1, 1, 10, 0, 0, '2024-11-24 18:45:18', '2024-11-24 18:45:18'),
(1367, 1, 2, 10, 0, 0, '2024-11-24 18:45:18', '2024-11-24 18:45:18'),
(1368, 1, 3, 10, 0, 0, '2024-11-24 18:45:18', '2024-11-24 18:45:18'),
(1369, 2, 1, 10, 0, 0, '2024-11-24 18:45:18', '2024-11-24 18:45:18'),
(1370, 2, 2, 10, 0, 0, '2024-11-24 18:45:18', '2024-11-24 18:45:18'),
(1371, 2, 3, 10, 0, 0, '2024-11-24 18:45:18', '2024-11-24 18:45:18'),
(1372, 3, 1, 10, 0, 0, '2024-11-24 18:45:19', '2024-11-24 18:45:19'),
(1373, 3, 2, 10, 0, 0, '2024-11-24 18:45:19', '2024-11-24 18:45:19'),
(1374, 3, 3, 10, 0, 0, '2024-11-24 18:45:19', '2024-11-24 18:45:19'),
(1375, 4, 1, 10, 0, 0, '2024-11-24 18:45:19', '2024-11-24 18:45:19'),
(1376, 4, 2, 10, 0, 0, '2024-11-24 18:45:19', '2024-11-24 18:45:19'),
(1377, 4, 3, 10, 0, 0, '2024-11-24 18:45:19', '2024-11-24 18:45:19'),
(1378, 5, 1, 10, 0, 0, '2024-11-24 18:45:19', '2024-11-24 18:45:19'),
(1379, 5, 2, 10, 0, 0, '2024-11-24 18:45:19', '2024-11-24 18:45:19'),
(1380, 5, 3, 10, 0, 0, '2024-11-24 18:45:19', '2024-11-24 18:45:19'),
(1381, 1, 21, 10, 0, 0, '2024-11-24 18:45:19', '2024-11-24 18:45:19'),
(1382, 1, 22, 10, 0, 0, '2024-11-24 18:45:19', '2024-11-24 18:45:19'),
(1383, 1, 23, 10, 0, 0, '2024-11-24 18:45:19', '2024-11-24 18:45:19'),
(1384, 2, 21, 10, 0, 0, '2024-11-24 18:45:19', '2024-11-24 18:45:19'),
(1385, 2, 22, 10, 0, 0, '2024-11-24 18:45:19', '2024-11-24 18:45:19'),
(1386, 2, 23, 10, 0, 0, '2024-11-24 18:45:19', '2024-11-24 18:45:19'),
(1387, 3, 21, 10, 0, 0, '2024-11-24 18:45:19', '2024-11-24 18:45:19'),
(1388, 3, 22, 10, 0, 0, '2024-11-24 18:45:19', '2024-11-24 18:45:19'),
(1389, 3, 23, 10, 0, 0, '2024-11-24 18:45:19', '2024-11-24 18:45:19'),
(1390, 4, 21, 10, 0, 0, '2024-11-24 18:45:19', '2024-11-24 18:45:19'),
(1391, 4, 22, 10, 0, 0, '2024-11-24 18:45:19', '2024-11-24 18:45:19'),
(1392, 4, 23, 10, 0, 0, '2024-11-24 18:45:19', '2024-11-24 18:45:19'),
(1393, 5, 21, 10, 0, 0, '2024-11-24 18:45:20', '2024-11-24 18:45:20'),
(1394, 5, 22, 10, 0, 0, '2024-11-24 18:45:20', '2024-11-24 18:45:20'),
(1395, 5, 23, 10, 0, 0, '2024-11-24 18:45:20', '2024-11-24 18:45:20'),
(1396, 1, 1, 11, 0, 0, '2024-11-24 18:45:55', '2024-11-24 18:45:55'),
(1397, 1, 2, 11, 0, 0, '2024-11-24 18:45:55', '2024-11-24 18:45:55'),
(1398, 1, 3, 11, 0, 0, '2024-11-24 18:45:55', '2024-11-24 18:45:55'),
(1399, 2, 1, 11, 0, 0, '2024-11-24 18:45:55', '2024-11-24 18:45:55'),
(1400, 2, 2, 11, 0, 0, '2024-11-24 18:45:55', '2024-11-24 18:45:55'),
(1401, 2, 3, 11, 0, 0, '2024-11-24 18:45:55', '2024-11-24 18:45:55'),
(1402, 3, 1, 11, 0, 0, '2024-11-24 18:45:56', '2024-11-24 18:45:56'),
(1403, 3, 2, 11, 0, 0, '2024-11-24 18:45:56', '2024-11-24 18:45:56'),
(1404, 3, 3, 11, 0, 0, '2024-11-24 18:45:56', '2024-11-24 18:45:56'),
(1405, 4, 1, 11, 0, 0, '2024-11-24 18:45:56', '2024-11-24 18:45:56'),
(1406, 4, 2, 11, 0, 0, '2024-11-24 18:45:56', '2024-11-24 18:45:56'),
(1407, 4, 3, 11, 0, 0, '2024-11-24 18:45:56', '2024-11-24 18:45:56'),
(1408, 5, 1, 11, 0, 0, '2024-11-24 18:45:56', '2024-11-24 18:45:56'),
(1409, 5, 2, 11, 0, 0, '2024-11-24 18:45:56', '2024-11-24 18:45:56'),
(1410, 5, 3, 11, 0, 0, '2024-11-24 18:45:56', '2024-11-24 18:45:56'),
(1411, 1, 21, 11, 0, 0, '2024-11-24 18:45:56', '2024-11-24 18:45:56'),
(1412, 1, 22, 11, 0, 0, '2024-11-24 18:45:56', '2024-11-24 18:45:56'),
(1413, 1, 23, 11, 0, 0, '2024-11-24 18:45:56', '2024-11-24 18:45:56'),
(1414, 2, 21, 11, 0, 0, '2024-11-24 18:45:56', '2024-11-24 18:45:56'),
(1415, 2, 22, 11, 0, 0, '2024-11-24 18:45:56', '2024-11-24 18:45:56'),
(1416, 2, 23, 11, 0, 0, '2024-11-24 18:45:56', '2024-11-24 18:45:56'),
(1417, 3, 21, 11, 0, 0, '2024-11-24 18:45:56', '2024-11-24 18:45:56'),
(1418, 3, 22, 11, 0, 0, '2024-11-24 18:45:56', '2024-11-24 18:45:56'),
(1419, 3, 23, 11, 0, 0, '2024-11-24 18:45:57', '2024-11-24 18:45:57'),
(1420, 4, 21, 11, 0, 0, '2024-11-24 18:45:57', '2024-11-24 18:45:57'),
(1421, 4, 22, 11, 0, 0, '2024-11-24 18:45:57', '2024-11-24 18:45:57'),
(1422, 4, 23, 11, 0, 0, '2024-11-24 18:45:57', '2024-11-24 18:45:57'),
(1423, 5, 21, 11, 0, 0, '2024-11-24 18:45:57', '2024-11-24 18:45:57'),
(1424, 5, 22, 11, 0, 0, '2024-11-24 18:45:57', '2024-11-24 18:45:57'),
(1425, 5, 23, 11, 0, 0, '2024-11-24 18:45:57', '2024-11-24 18:45:57'),
(1426, 1, 1, 12, 0, 0, '2024-11-24 18:46:28', '2024-11-24 18:46:28'),
(1427, 1, 2, 12, 0, 0, '2024-11-24 18:46:28', '2024-11-24 18:46:28'),
(1428, 1, 3, 12, 0, 0, '2024-11-24 18:46:28', '2024-11-24 18:46:28'),
(1429, 2, 1, 12, 0, 0, '2024-11-24 18:46:28', '2024-11-24 18:46:28'),
(1430, 2, 2, 12, 0, 0, '2024-11-24 18:46:28', '2024-11-24 18:46:28'),
(1431, 2, 3, 12, 0, 0, '2024-11-24 18:46:28', '2024-11-24 18:46:28'),
(1432, 3, 1, 12, 0, 0, '2024-11-24 18:46:28', '2024-11-24 18:46:28'),
(1433, 3, 2, 12, 0, 0, '2024-11-24 18:46:29', '2024-11-24 18:46:29'),
(1434, 3, 3, 12, 0, 0, '2024-11-24 18:46:29', '2024-11-24 18:46:29'),
(1435, 4, 1, 12, 0, 0, '2024-11-24 18:46:29', '2024-11-24 18:46:29'),
(1436, 4, 2, 12, 0, 0, '2024-11-24 18:46:29', '2024-11-24 18:46:29'),
(1437, 4, 3, 12, 0, 0, '2024-11-24 18:46:29', '2024-11-24 18:46:29'),
(1438, 5, 1, 12, 0, 0, '2024-11-24 18:46:29', '2024-11-24 18:46:29'),
(1439, 5, 2, 12, 0, 0, '2024-11-24 18:46:29', '2024-11-24 18:46:29'),
(1440, 5, 3, 12, 0, 0, '2024-11-24 18:46:29', '2024-11-24 18:46:29'),
(1441, 1, 21, 12, 0, 0, '2024-11-24 18:46:29', '2024-11-24 18:46:29'),
(1442, 1, 22, 12, 0, 0, '2024-11-24 18:46:29', '2024-11-24 18:46:29'),
(1443, 1, 23, 12, 0, 0, '2024-11-24 18:46:29', '2024-11-24 18:46:29'),
(1444, 2, 21, 12, 0, 0, '2024-11-24 18:46:29', '2024-11-24 18:46:29'),
(1445, 2, 22, 12, 0, 0, '2024-11-24 18:46:29', '2024-11-24 18:46:29'),
(1446, 2, 23, 12, 0, 0, '2024-11-24 18:46:29', '2024-11-24 18:46:29'),
(1447, 3, 21, 12, 0, 0, '2024-11-24 18:46:29', '2024-11-24 18:46:29'),
(1448, 3, 22, 12, 0, 0, '2024-11-24 18:46:29', '2024-11-24 18:46:29'),
(1449, 3, 23, 12, 0, 0, '2024-11-24 18:46:29', '2024-11-24 18:46:29'),
(1450, 4, 21, 12, 0, 0, '2024-11-24 18:46:29', '2024-11-24 18:46:29'),
(1451, 4, 22, 12, 0, 0, '2024-11-24 18:46:29', '2024-11-24 18:46:29'),
(1452, 4, 23, 12, 0, 0, '2024-11-24 18:46:30', '2024-11-24 18:46:30'),
(1453, 5, 21, 12, 0, 0, '2024-11-24 18:46:30', '2024-11-24 18:46:30'),
(1454, 5, 22, 12, 0, 0, '2024-11-24 18:46:30', '2024-11-24 18:46:30'),
(1455, 5, 23, 12, 0, 0, '2024-11-24 18:46:30', '2024-11-24 18:46:30'),
(1456, 1, 21, 13, 0, 0, '2024-11-24 18:46:59', '2024-11-24 18:46:59'),
(1457, 1, 22, 13, 0, 0, '2024-11-24 18:46:59', '2024-11-24 18:46:59'),
(1458, 1, 23, 13, 0, 0, '2024-11-24 18:46:59', '2024-11-24 18:46:59'),
(1459, 2, 21, 13, 0, 0, '2024-11-24 18:46:59', '2024-11-24 18:46:59'),
(1460, 2, 22, 13, 0, 0, '2024-11-24 18:46:59', '2024-11-24 18:46:59'),
(1461, 2, 23, 13, 0, 0, '2024-11-24 18:46:59', '2024-11-24 18:46:59'),
(1462, 3, 21, 13, 0, 0, '2024-11-24 18:47:00', '2024-11-24 18:47:00'),
(1463, 3, 22, 13, 0, 0, '2024-11-24 18:47:00', '2024-11-24 18:47:00'),
(1464, 3, 23, 13, 0, 0, '2024-11-24 18:47:00', '2024-11-24 18:47:00'),
(1465, 4, 21, 13, 0, 0, '2024-11-24 18:47:00', '2024-11-24 18:47:00'),
(1466, 4, 22, 13, 0, 0, '2024-11-24 18:47:00', '2024-11-24 18:47:00'),
(1467, 4, 23, 13, 0, 0, '2024-11-24 18:47:00', '2024-11-24 18:47:00'),
(1468, 5, 21, 13, 0, 0, '2024-11-24 18:47:00', '2024-11-24 18:47:00'),
(1469, 5, 22, 13, 0, 0, '2024-11-24 18:47:00', '2024-11-24 18:47:00'),
(1470, 5, 23, 13, 0, 0, '2024-11-24 18:47:00', '2024-11-24 18:47:00'),
(1471, 1, 1, 13, 0, 0, '2024-11-24 18:47:03', '2024-11-24 18:47:03'),
(1472, 1, 2, 13, 0, 0, '2024-11-24 18:47:03', '2024-11-24 18:47:03'),
(1473, 1, 3, 13, 0, 0, '2024-11-24 18:47:03', '2024-11-24 18:47:03'),
(1474, 2, 1, 13, 0, 0, '2024-11-24 18:47:03', '2024-11-24 18:47:03'),
(1475, 2, 2, 13, 0, 0, '2024-11-24 18:47:03', '2024-11-24 18:47:03'),
(1476, 2, 3, 13, 0, 0, '2024-11-24 18:47:03', '2024-11-24 18:47:03'),
(1477, 3, 1, 13, 0, 0, '2024-11-24 18:47:04', '2024-11-24 18:47:04'),
(1478, 3, 2, 13, 0, 0, '2024-11-24 18:47:04', '2024-11-24 18:47:04'),
(1479, 3, 3, 13, 0, 0, '2024-11-24 18:47:04', '2024-11-24 18:47:04'),
(1480, 4, 1, 13, 0, 0, '2024-11-24 18:47:04', '2024-11-24 18:47:04'),
(1481, 4, 2, 13, 0, 0, '2024-11-24 18:47:04', '2024-11-24 18:47:04'),
(1482, 4, 3, 13, 0, 0, '2024-11-24 18:47:04', '2024-11-24 18:47:04'),
(1483, 5, 1, 13, 0, 0, '2024-11-24 18:47:04', '2024-11-24 18:47:04'),
(1484, 5, 2, 13, 0, 0, '2024-11-24 18:47:04', '2024-11-24 18:47:04'),
(1485, 5, 3, 13, 0, 0, '2024-11-24 18:47:04', '2024-11-24 18:47:04'),
(1486, 1, 1, 14, 0, 0, '2024-11-24 18:47:27', '2024-11-24 18:47:27'),
(1487, 1, 2, 14, 0, 0, '2024-11-24 18:47:27', '2024-11-24 18:47:27'),
(1488, 1, 3, 14, 0, 0, '2024-11-24 18:47:27', '2024-11-24 18:47:27'),
(1489, 2, 1, 14, 0, 0, '2024-11-24 18:47:27', '2024-11-24 18:47:27'),
(1490, 2, 2, 14, 0, 0, '2024-11-24 18:47:27', '2024-11-24 18:47:27'),
(1491, 2, 3, 14, 0, 0, '2024-11-24 18:47:27', '2024-11-24 18:47:27'),
(1492, 3, 1, 14, 0, 0, '2024-11-24 18:47:28', '2024-11-24 18:47:28'),
(1493, 3, 2, 14, 0, 0, '2024-11-24 18:47:28', '2024-11-24 18:47:28'),
(1494, 3, 3, 14, 0, 0, '2024-11-24 18:47:28', '2024-11-24 18:47:28'),
(1495, 4, 1, 14, 0, 0, '2024-11-24 18:47:28', '2024-11-24 18:47:28'),
(1496, 4, 2, 14, 0, 0, '2024-11-24 18:47:28', '2024-11-24 18:47:28'),
(1497, 4, 3, 14, 0, 0, '2024-11-24 18:47:28', '2024-11-24 18:47:28'),
(1498, 5, 1, 14, 0, 0, '2024-11-24 18:47:28', '2024-11-24 18:47:28'),
(1499, 5, 2, 14, 0, 0, '2024-11-24 18:47:28', '2024-11-24 18:47:28'),
(1500, 5, 3, 14, 0, 0, '2024-11-24 18:47:28', '2024-11-24 18:47:28'),
(1501, 1, 21, 14, 0, 0, '2024-11-24 18:47:28', '2024-11-24 18:47:28'),
(1502, 1, 22, 14, 0, 0, '2024-11-24 18:47:28', '2024-11-24 18:47:28'),
(1503, 1, 23, 14, 0, 0, '2024-11-24 18:47:28', '2024-11-24 18:47:28'),
(1504, 2, 21, 14, 0, 0, '2024-11-24 18:47:28', '2024-11-24 18:47:28'),
(1505, 2, 22, 14, 0, 0, '2024-11-24 18:47:28', '2024-11-24 18:47:28'),
(1506, 2, 23, 14, 0, 0, '2024-11-24 18:47:28', '2024-11-24 18:47:28'),
(1507, 3, 21, 14, 0, 0, '2024-11-24 18:47:29', '2024-11-24 18:47:29'),
(1508, 3, 22, 14, 0, 0, '2024-11-24 18:47:29', '2024-11-24 18:47:29'),
(1509, 3, 23, 14, 0, 0, '2024-11-24 18:47:29', '2024-11-24 18:47:29'),
(1510, 4, 21, 14, 0, 0, '2024-11-24 18:47:29', '2024-11-24 18:47:29'),
(1511, 4, 22, 14, 0, 0, '2024-11-24 18:47:29', '2024-11-24 18:47:29'),
(1512, 4, 23, 14, 0, 0, '2024-11-24 18:47:29', '2024-11-24 18:47:29'),
(1513, 5, 21, 14, 0, 0, '2024-11-24 18:47:29', '2024-11-24 18:47:29'),
(1514, 5, 22, 14, 0, 0, '2024-11-24 18:47:29', '2024-11-24 18:47:29'),
(1515, 5, 23, 14, 0, 0, '2024-11-24 18:47:29', '2024-11-24 18:47:29'),
(1516, 1, 1, 28, 0, 0, '2024-11-24 18:52:10', '2024-11-24 18:52:10'),
(1517, 1, 2, 28, 0, 0, '2024-11-24 18:52:10', '2024-11-24 18:52:10'),
(1518, 1, 3, 28, 0, 0, '2024-11-24 18:52:10', '2024-11-24 18:52:10'),
(1519, 2, 1, 28, 0, 0, '2024-11-24 18:52:10', '2024-11-24 18:52:10'),
(1520, 2, 2, 28, 0, 0, '2024-11-24 18:52:10', '2024-11-24 18:52:10'),
(1521, 2, 3, 28, 0, 0, '2024-11-24 18:52:10', '2024-11-24 18:52:10'),
(1522, 3, 1, 28, 0, 0, '2024-11-24 18:52:11', '2024-11-24 18:52:11'),
(1523, 3, 2, 28, 0, 0, '2024-11-24 18:52:11', '2024-11-24 18:52:11'),
(1524, 3, 3, 28, 0, 0, '2024-11-24 18:52:11', '2024-11-24 18:52:11'),
(1525, 4, 1, 28, 0, 0, '2024-11-24 18:52:11', '2024-11-24 18:52:11'),
(1526, 4, 2, 28, 0, 0, '2024-11-24 18:52:11', '2024-11-24 18:52:11'),
(1527, 4, 3, 28, 0, 0, '2024-11-24 18:52:11', '2024-11-24 18:52:11'),
(1528, 5, 1, 28, 0, 0, '2024-11-24 18:52:11', '2024-11-24 18:52:11'),
(1529, 5, 2, 28, 0, 0, '2024-11-24 18:52:11', '2024-11-24 18:52:11'),
(1530, 5, 3, 28, 0, 0, '2024-11-24 18:52:11', '2024-11-24 18:52:11'),
(1531, 1, 21, 28, 0, 0, '2024-11-24 18:52:11', '2024-11-24 18:52:11'),
(1532, 1, 22, 28, 0, 0, '2024-11-24 18:52:11', '2024-11-24 18:52:11'),
(1533, 1, 23, 28, 0, 0, '2024-11-24 18:52:11', '2024-11-24 18:52:11'),
(1534, 2, 21, 28, 0, 0, '2024-11-24 18:52:11', '2024-11-24 18:52:11'),
(1535, 2, 22, 28, 0, 0, '2024-11-24 18:52:11', '2024-11-24 18:52:11'),
(1536, 2, 23, 28, 0, 0, '2024-11-24 18:52:11', '2024-11-24 18:52:11'),
(1537, 3, 21, 28, 0, 0, '2024-11-24 18:52:11', '2024-11-24 18:52:11'),
(1538, 3, 22, 28, 0, 0, '2024-11-24 18:52:11', '2024-11-24 18:52:11'),
(1539, 3, 23, 28, 0, 0, '2024-11-24 18:52:11', '2024-11-24 18:52:11'),
(1540, 4, 21, 28, 0, 0, '2024-11-24 18:52:12', '2024-11-24 18:52:12'),
(1541, 4, 22, 28, 0, 0, '2024-11-24 18:52:12', '2024-11-24 18:52:12'),
(1542, 4, 23, 28, 0, 0, '2024-11-24 18:52:12', '2024-11-24 18:52:12'),
(1543, 5, 21, 28, 0, 0, '2024-11-24 18:52:12', '2024-11-24 18:52:12'),
(1544, 5, 22, 28, 0, 0, '2024-11-24 18:52:12', '2024-11-24 18:52:12'),
(1545, 5, 23, 28, 0, 0, '2024-11-24 18:52:12', '2024-11-24 18:52:12'),
(1546, 1, 1, 29, 0, 0, '2024-11-24 18:52:36', '2024-11-24 18:52:36'),
(1547, 1, 2, 29, 0, 0, '2024-11-24 18:52:36', '2024-11-24 18:52:36'),
(1548, 1, 3, 29, 0, 0, '2024-11-24 18:52:36', '2024-11-24 18:52:36'),
(1549, 2, 1, 29, 0, 0, '2024-11-24 18:52:36', '2024-11-24 18:52:36'),
(1550, 2, 2, 29, 0, 0, '2024-11-24 18:52:36', '2024-11-24 18:52:36'),
(1551, 2, 3, 29, 0, 0, '2024-11-24 18:52:36', '2024-11-24 18:52:36'),
(1552, 3, 1, 29, 0, 0, '2024-11-24 18:52:37', '2024-11-24 18:52:37'),
(1553, 3, 2, 29, 0, 0, '2024-11-24 18:52:37', '2024-11-24 18:52:37'),
(1554, 3, 3, 29, 0, 0, '2024-11-24 18:52:37', '2024-11-24 18:52:37'),
(1555, 4, 1, 29, 0, 0, '2024-11-24 18:52:37', '2024-11-24 18:52:37'),
(1556, 4, 2, 29, 0, 0, '2024-11-24 18:52:37', '2024-11-24 18:52:37'),
(1557, 4, 3, 29, 0, 0, '2024-11-24 18:52:37', '2024-11-24 18:52:37'),
(1558, 5, 1, 29, 0, 0, '2024-11-24 18:52:37', '2024-11-24 18:52:37'),
(1559, 5, 2, 29, 0, 0, '2024-11-24 18:52:37', '2024-11-24 18:52:37'),
(1560, 5, 3, 29, 0, 0, '2024-11-24 18:52:37', '2024-11-24 18:52:37'),
(1561, 1, 21, 29, 0, 0, '2024-11-24 18:52:37', '2024-11-24 18:52:37'),
(1562, 1, 22, 29, 0, 0, '2024-11-24 18:52:37', '2024-11-24 18:52:37'),
(1563, 1, 23, 29, 0, 0, '2024-11-24 18:52:37', '2024-11-24 18:52:37'),
(1564, 2, 21, 29, 0, 0, '2024-11-24 18:52:37', '2024-11-24 18:52:37'),
(1565, 2, 22, 29, 0, 0, '2024-11-24 18:52:37', '2024-11-24 18:52:37'),
(1566, 2, 23, 29, 0, 0, '2024-11-24 18:52:37', '2024-11-24 18:52:37'),
(1567, 3, 21, 29, 0, 0, '2024-11-24 18:52:37', '2024-11-24 18:52:37'),
(1568, 3, 22, 29, 0, 0, '2024-11-24 18:52:37', '2024-11-24 18:52:37'),
(1569, 3, 23, 29, 0, 0, '2024-11-24 18:52:38', '2024-11-24 18:52:38'),
(1570, 4, 21, 29, 0, 0, '2024-11-24 18:52:38', '2024-11-24 18:52:38'),
(1571, 4, 22, 29, 0, 0, '2024-11-24 18:52:38', '2024-11-24 18:52:38'),
(1572, 4, 23, 29, 0, 0, '2024-11-24 18:52:38', '2024-11-24 18:52:38'),
(1573, 5, 21, 29, 0, 0, '2024-11-24 18:52:38', '2024-11-24 18:52:38'),
(1574, 5, 22, 29, 0, 0, '2024-11-24 18:52:38', '2024-11-24 18:52:38'),
(1575, 5, 23, 29, 0, 0, '2024-11-24 18:52:38', '2024-11-24 18:52:38'),
(1576, 1, 1, 30, 0, 0, '2024-11-24 18:53:04', '2024-11-24 18:53:04'),
(1577, 1, 2, 30, 0, 0, '2024-11-24 18:53:04', '2024-11-24 18:53:04'),
(1578, 1, 3, 30, 0, 0, '2024-11-24 18:53:04', '2024-11-24 18:53:04'),
(1579, 2, 1, 30, 0, 0, '2024-11-24 18:53:04', '2024-11-24 18:53:04'),
(1580, 2, 2, 30, 0, 0, '2024-11-24 18:53:04', '2024-11-24 18:53:04'),
(1581, 2, 3, 30, 0, 0, '2024-11-24 18:53:04', '2024-11-24 18:53:04'),
(1582, 3, 1, 30, 0, 0, '2024-11-24 18:53:05', '2024-11-24 18:53:05'),
(1583, 3, 2, 30, 0, 0, '2024-11-24 18:53:05', '2024-11-24 18:53:05'),
(1584, 3, 3, 30, 0, 0, '2024-11-24 18:53:05', '2024-11-24 18:53:05'),
(1585, 4, 1, 30, 0, 0, '2024-11-24 18:53:05', '2024-11-24 18:53:05'),
(1586, 4, 2, 30, 0, 0, '2024-11-24 18:53:05', '2024-11-24 18:53:05'),
(1587, 4, 3, 30, 0, 0, '2024-11-24 18:53:05', '2024-11-24 18:53:05'),
(1588, 5, 1, 30, 0, 0, '2024-11-24 18:53:05', '2024-11-24 18:53:05'),
(1589, 5, 2, 30, 0, 0, '2024-11-24 18:53:05', '2024-11-24 18:53:05'),
(1590, 5, 3, 30, 0, 0, '2024-11-24 18:53:05', '2024-11-24 18:53:05'),
(1591, 1, 21, 30, 0, 0, '2024-11-24 18:53:05', '2024-11-24 18:53:05'),
(1592, 1, 22, 30, 0, 0, '2024-11-24 18:53:05', '2024-11-24 18:53:05'),
(1593, 1, 23, 30, 0, 0, '2024-11-24 18:53:05', '2024-11-24 18:53:05'),
(1594, 2, 21, 30, 0, 0, '2024-11-24 18:53:05', '2024-11-24 18:53:05'),
(1595, 2, 22, 30, 0, 0, '2024-11-24 18:53:05', '2024-11-24 18:53:05'),
(1596, 2, 23, 30, 0, 0, '2024-11-24 18:53:05', '2024-11-24 18:53:05'),
(1597, 3, 21, 30, 0, 0, '2024-11-24 18:53:06', '2024-11-24 18:53:06'),
(1598, 3, 22, 30, 0, 0, '2024-11-24 18:53:06', '2024-11-24 18:53:06'),
(1599, 3, 23, 30, 0, 0, '2024-11-24 18:53:06', '2024-11-24 18:53:06'),
(1600, 4, 21, 30, 0, 0, '2024-11-24 18:53:06', '2024-11-24 18:53:06'),
(1601, 4, 22, 30, 0, 0, '2024-11-24 18:53:06', '2024-11-24 18:53:06'),
(1602, 4, 23, 30, 0, 0, '2024-11-24 18:53:06', '2024-11-24 18:53:06'),
(1603, 5, 21, 30, 0, 0, '2024-11-24 18:53:06', '2024-11-24 18:53:06'),
(1604, 5, 22, 30, 0, 0, '2024-11-24 18:53:06', '2024-11-24 18:53:06'),
(1605, 5, 23, 30, 0, 0, '2024-11-24 18:53:06', '2024-11-24 18:53:06'),
(1606, 1, 1, 31, 0, 0, '2024-11-24 18:53:24', '2024-11-24 18:53:24'),
(1607, 1, 2, 31, 0, 0, '2024-11-24 18:53:24', '2024-11-24 18:53:24'),
(1608, 1, 3, 31, 0, 0, '2024-11-24 18:53:24', '2024-11-24 18:53:24'),
(1609, 2, 1, 31, 0, 0, '2024-11-24 18:53:24', '2024-11-24 18:53:24'),
(1610, 2, 2, 31, 0, 0, '2024-11-24 18:53:24', '2024-11-24 18:53:24'),
(1611, 2, 3, 31, 0, 0, '2024-11-24 18:53:24', '2024-11-24 18:53:24'),
(1612, 3, 1, 31, 0, 0, '2024-11-24 18:53:25', '2024-11-24 18:53:25'),
(1613, 3, 2, 31, 0, 0, '2024-11-24 18:53:25', '2024-11-24 18:53:25'),
(1614, 3, 3, 31, 0, 0, '2024-11-24 18:53:25', '2024-11-24 18:53:25'),
(1615, 4, 1, 31, 0, 0, '2024-11-24 18:53:25', '2024-11-24 18:53:25'),
(1616, 4, 2, 31, 0, 0, '2024-11-24 18:53:25', '2024-11-24 18:53:25'),
(1617, 4, 3, 31, 0, 0, '2024-11-24 18:53:25', '2024-11-24 18:53:25'),
(1618, 5, 1, 31, 0, 0, '2024-11-24 18:53:25', '2024-11-24 18:53:25'),
(1619, 5, 2, 31, 0, 0, '2024-11-24 18:53:25', '2024-11-24 18:53:25'),
(1620, 5, 3, 31, 0, 0, '2024-11-24 18:53:25', '2024-11-24 18:53:25'),
(1621, 1, 21, 31, 0, 0, '2024-11-24 18:53:25', '2024-11-24 18:53:25'),
(1622, 1, 22, 31, 0, 0, '2024-11-24 18:53:25', '2024-11-24 18:53:25'),
(1623, 1, 23, 31, 0, 0, '2024-11-24 18:53:25', '2024-11-24 18:53:25'),
(1624, 2, 21, 31, 0, 0, '2024-11-24 18:53:26', '2024-11-24 18:53:26'),
(1625, 2, 22, 31, 0, 0, '2024-11-24 18:53:26', '2024-11-24 18:53:26'),
(1626, 2, 23, 31, 0, 0, '2024-11-24 18:53:26', '2024-11-24 18:53:26'),
(1627, 3, 21, 31, 0, 0, '2024-11-24 18:53:26', '2024-11-24 18:53:26'),
(1628, 3, 22, 31, 0, 0, '2024-11-24 18:53:26', '2024-11-24 18:53:26'),
(1629, 3, 23, 31, 0, 0, '2024-11-24 18:53:26', '2024-11-24 18:53:26'),
(1630, 4, 21, 31, 0, 0, '2024-11-24 18:53:26', '2024-11-24 18:53:26'),
(1631, 4, 22, 31, 0, 0, '2024-11-24 18:53:26', '2024-11-24 18:53:26'),
(1632, 4, 23, 31, 0, 0, '2024-11-24 18:53:26', '2024-11-24 18:53:26'),
(1633, 5, 21, 31, 0, 0, '2024-11-24 18:53:26', '2024-11-24 18:53:26'),
(1634, 5, 22, 31, 0, 0, '2024-11-24 18:53:26', '2024-11-24 18:53:26'),
(1635, 5, 23, 31, 0, 0, '2024-11-24 18:53:26', '2024-11-24 18:53:26'),
(1636, 1, 1, 32, 0, 0, '2024-11-24 18:53:44', '2024-11-24 18:53:44'),
(1637, 1, 2, 32, 0, 0, '2024-11-24 18:53:44', '2024-11-24 18:53:44'),
(1638, 1, 3, 32, 0, 0, '2024-11-24 18:53:44', '2024-11-24 18:53:44'),
(1639, 2, 1, 32, 0, 0, '2024-11-24 18:53:44', '2024-11-24 18:53:44'),
(1640, 2, 2, 32, 0, 0, '2024-11-24 18:53:44', '2024-11-24 18:53:44'),
(1641, 2, 3, 32, 0, 0, '2024-11-24 18:53:44', '2024-11-24 18:53:44'),
(1642, 3, 1, 32, 0, 0, '2024-11-24 18:53:45', '2024-11-24 18:53:45'),
(1643, 3, 2, 32, 0, 0, '2024-11-24 18:53:45', '2024-11-24 18:53:45'),
(1644, 3, 3, 32, 0, 0, '2024-11-24 18:53:45', '2024-11-24 18:53:45'),
(1645, 4, 1, 32, 0, 0, '2024-11-24 18:53:45', '2024-11-24 18:53:45'),
(1646, 4, 2, 32, 0, 0, '2024-11-24 18:53:45', '2024-11-24 18:53:45'),
(1647, 4, 3, 32, 0, 0, '2024-11-24 18:53:45', '2024-11-24 18:53:45'),
(1648, 5, 1, 32, 0, 0, '2024-11-24 18:53:45', '2024-11-24 18:53:45'),
(1649, 5, 2, 32, 0, 0, '2024-11-24 18:53:45', '2024-11-24 18:53:45'),
(1650, 5, 3, 32, 0, 0, '2024-11-24 18:53:45', '2024-11-24 18:53:45'),
(1651, 1, 21, 32, 0, 0, '2024-11-24 18:53:45', '2024-11-24 18:53:45'),
(1652, 1, 22, 32, 0, 0, '2024-11-24 18:53:45', '2024-11-24 18:53:45'),
(1653, 1, 23, 32, 0, 0, '2024-11-24 18:53:45', '2024-11-24 18:53:45'),
(1654, 2, 21, 32, 0, 0, '2024-11-24 18:53:46', '2024-11-24 18:53:46');
INSERT INTO `ratings` (`id`, `judge_id`, `criteria_id`, `team_id`, `value`, `is_locked`, `created_at`, `updated_at`) VALUES
(1655, 2, 22, 32, 0, 0, '2024-11-24 18:53:46', '2024-11-24 18:53:46'),
(1656, 2, 23, 32, 0, 0, '2024-11-24 18:53:46', '2024-11-24 18:53:46'),
(1657, 3, 21, 32, 0, 0, '2024-11-24 18:53:46', '2024-11-24 18:53:46'),
(1658, 3, 22, 32, 0, 0, '2024-11-24 18:53:46', '2024-11-24 18:53:46'),
(1659, 3, 23, 32, 0, 0, '2024-11-24 18:53:46', '2024-11-24 18:53:46'),
(1660, 4, 21, 32, 0, 0, '2024-11-24 18:53:46', '2024-11-24 18:53:46'),
(1661, 4, 22, 32, 0, 0, '2024-11-24 18:53:46', '2024-11-24 18:53:46'),
(1662, 4, 23, 32, 0, 0, '2024-11-24 18:53:46', '2024-11-24 18:53:46'),
(1663, 5, 21, 32, 0, 0, '2024-11-24 18:53:46', '2024-11-24 18:53:46'),
(1664, 5, 22, 32, 0, 0, '2024-11-24 18:53:46', '2024-11-24 18:53:46'),
(1665, 5, 23, 32, 0, 0, '2024-11-24 18:53:46', '2024-11-24 18:53:46');

-- --------------------------------------------------------

--
-- Table structure for table `teams`
--

CREATE TABLE `teams` (
  `id` tinyint(3) UNSIGNED NOT NULL,
  `number` tinyint(4) NOT NULL DEFAULT 0,
  `name` varchar(255) NOT NULL,
  `location` enum('JHS','SHS') NOT NULL,
  `avatar` varchar(255) DEFAULT NULL,
  `created_at` timestamp NOT NULL DEFAULT current_timestamp(),
  `updated_at` timestamp NOT NULL DEFAULT current_timestamp() ON UPDATE current_timestamp()
) ENGINE=InnoDB DEFAULT CHARSET=utf8mb4 COLLATE=utf8mb4_general_ci;

--
-- Dumping data for table `teams`
--

INSERT INTO `teams` (`id`, `number`, `name`, `location`, `avatar`, `created_at`, `updated_at`) VALUES
(1, 1, 'John Paul Barazon', 'JHS', 'mr-1-john-paul-barazon.jpg', '2023-04-23 09:20:41', '2024-11-25 00:15:36'),
(2, 2, 'Ely John Yapan', 'JHS', 'mr-2-ely-john-yapan.jpg', '2023-04-23 09:20:41', '2024-11-25 00:15:39'),
(3, 3, 'Heziekia Uriel Alura', 'JHS', 'mr-3-heziekia-uriel-alura.jpg', '2023-04-23 09:20:41', '2024-11-25 00:15:42'),
(4, 4, 'Sanglay', 'JHS', 'mr-4-francis-sanglay.jpg', '2023-04-23 09:20:41', '2024-11-25 00:15:46'),
(5, 5, 'Jethro Mesalucha', 'JHS', 'mr-5-jethro-mesalucha.jpg', '2023-04-23 09:20:41', '2024-11-25 00:15:49'),
(6, 6, 'Francis Xavier Pantaleon', 'JHS', 'mr-6-francis-xavier-pantaleon.jpg', '2023-04-23 09:20:41', '2024-11-25 00:15:52'),
(7, 7, 'Kendrick Torres', 'JHS', 'mr-7-kendrick-torres.jpg', '2023-04-23 09:20:41', '2024-11-25 00:15:56'),
(8, 8, 'Elyxzer Nathaniel Tapil', 'JHS', 'mr-8-elyxzer-nathaniel-tapil.jpg', '2023-04-23 09:20:41', '2024-11-25 00:15:59'),
(9, 9, 'Noli Jr. Alabastro', 'SHS', 'mr-9-noli-jr-alabastro.jpg', '2024-11-24 18:42:54', '2024-11-25 00:16:06'),
(10, 10, 'Kenneth Alfelor', 'SHS', 'mr-10-kenneth-alfelor.jpg', '2024-11-24 18:45:16', '2024-11-25 00:16:09'),
(11, 11, 'Lincolne Polvorido', 'SHS', 'mr-11-lincolne-polvorido.jpg', '2024-11-24 18:45:55', '2024-11-25 00:16:12'),
(12, 12, 'Lenard Salamanque', 'SHS', 'mr-12-lenard-salamanque.jpg', '2024-11-24 18:46:26', '2024-11-25 00:16:15'),
(13, 13, 'John Carlo Espiritu', 'SHS', 'mr-13-john-carlo-espiritu.jpg', '2024-11-24 18:46:59', '2024-11-25 00:16:18'),
(14, 14, 'Shan Emmanuel Canet', 'SHS', 'mr-14-shan-emmanuel-canet.jpg', '2024-11-24 18:47:25', '2024-11-25 00:16:20'),
(15, 1, 'Isabel Brizeth Libreja', 'JHS', 'ms-1-isabel-brizeth-libreja.jpg', '2023-04-23 09:20:41', '2024-11-25 00:16:28'),
(16, 2, 'Shilo Louise Caada', 'JHS', 'ms-2-shilo-louise-caada.jpg', '2023-04-23 09:20:41', '2024-11-25 00:16:31'),
(17, 3, '.Kyle Monique Serafico', 'JHS', 'ms-3-kyle-monique-serafico.jpg', '2023-04-23 09:20:41', '2024-11-25 00:16:34'),
(18, 4, 'Ira Bee Merced Ritcha', 'JHS', 'ms-4-ira-bee-merced-ritcha.jpg', '2023-04-23 09:20:41', '2024-11-25 00:16:37'),
(19, 5, 'Monica Jed Morada', 'JHS', 'ms-5-monica-jed-morada.jpg', '2023-04-23 09:20:41', '2024-11-25 00:16:39'),
(20, 6, 'Zamantha Obiasca', 'JHS', 'ms-6-zamantha-obiasca.jpg', '2023-04-23 09:20:41', '2024-11-25 00:16:42'),
(21, 7, 'Ynna Mikaela Pretoritis', 'JHS', 'ms-7-ynna-mikaela-pretoritis.jpg', '2023-04-23 09:20:41', '2024-11-25 00:16:46'),
(22, 8, 'Julianne Miles Barrientos', 'JHS', 'ms-8-julianne-miles-barrientos.jpg', '2023-04-23 09:20:41', '2024-11-25 00:16:55'),
(23, 9, 'Xhanne Frances Claveria', 'SHS', 'ms-9-xhanne-frances-claveria.jpg', '2024-11-24 17:43:53', '2024-11-25 00:16:59'),
(28, 10, 'Angela Ishi Ricafranca', 'SHS', 'ms-10-angela-ishi-ricafranca.jpg', '2024-11-24 18:52:08', '2024-11-25 00:17:01'),
(29, 11, 'Charmel Monte', 'SHS', 'ms-11-charmel-monte.jpg', '2024-11-24 18:52:34', '2024-11-25 00:17:04'),
(30, 12, 'Anna Jelena Sabinorio', 'SHS', 'ms-12-anna-jelena-sabinorio.jpg', '2024-11-24 18:53:01', '2024-11-25 00:17:07'),
(31, 13, 'Jillian Chloe Tabajonda', 'SHS', 'ms-13-jillian-chloe-tabajonda.jpg', '2024-11-24 18:53:21', '2024-11-25 00:17:10'),
(32, 14, 'Jhane Elizabeth Cornelio', 'SHS', 'ms-14-jhane-elizabeth-cornelio.jpg', '2024-11-24 18:53:44', '2024-11-25 00:17:12');

-- --------------------------------------------------------

--
-- Table structure for table `technicals`
--

CREATE TABLE `technicals` (
  `id` tinyint(3) UNSIGNED NOT NULL,
  `number` tinyint(3) UNSIGNED NOT NULL,
  `name` varchar(255) NOT NULL,
  `avatar` varchar(255) DEFAULT NULL,
  `username` varchar(255) NOT NULL,
  `password` varchar(255) NOT NULL,
  `active_portion` varchar(255) DEFAULT NULL,
  `called_at` timestamp NULL DEFAULT NULL,
  `pinged_at` timestamp NULL DEFAULT NULL,
  `created_at` timestamp NOT NULL DEFAULT current_timestamp(),
  `updated_at` timestamp NOT NULL DEFAULT current_timestamp() ON UPDATE current_timestamp()
) ENGINE=InnoDB DEFAULT CHARSET=utf8mb4 COLLATE=utf8mb4_general_ci;

--
-- Dumping data for table `technicals`
--

INSERT INTO `technicals` (`id`, `number`, `name`, `avatar`, `username`, `password`, `active_portion`, `called_at`, `pinged_at`, `created_at`, `updated_at`) VALUES
(1, 1, 'Technical 01', 'no-avatar.jpg', 'technical01', 'technical01', NULL, NULL, NULL, '2023-02-19 08:58:58', '2023-04-06 14:00:12');

-- --------------------------------------------------------

--
-- Table structure for table `technical_event`
--

CREATE TABLE `technical_event` (
  `id` tinyint(3) UNSIGNED NOT NULL,
  `technical_id` tinyint(3) UNSIGNED NOT NULL,
  `event_id` smallint(5) UNSIGNED NOT NULL,
  `active_team_id` tinyint(3) UNSIGNED NOT NULL,
  `has_active_team` tinyint(1) NOT NULL DEFAULT 0,
  `created_at` timestamp NOT NULL DEFAULT current_timestamp(),
  `updated_at` timestamp NOT NULL DEFAULT current_timestamp() ON UPDATE current_timestamp()
) ENGINE=InnoDB DEFAULT CHARSET=utf8mb4 COLLATE=utf8mb4_general_ci;

-- --------------------------------------------------------

--
-- Table structure for table `titles`
--

CREATE TABLE `titles` (
  `id` smallint(5) UNSIGNED NOT NULL,
  `event_id` smallint(5) UNSIGNED NOT NULL,
  `rank` tinyint(3) UNSIGNED NOT NULL DEFAULT 1,
  `title` varchar(255) NOT NULL,
  `created_at` timestamp NOT NULL DEFAULT current_timestamp(),
  `updated_at` timestamp NOT NULL DEFAULT current_timestamp() ON UPDATE current_timestamp()
) ENGINE=InnoDB DEFAULT CHARSET=utf8mb4 COLLATE=utf8mb4_general_ci;

--
-- Dumping data for table `titles`
--

INSERT INTO `titles` (`id`, `event_id`, `rank`, `title`, `created_at`, `updated_at`) VALUES
(1, 1, 1, 'Best in Production (Male)', '2023-04-23 10:31:50', '2023-04-23 10:33:52'),
(2, 2, 1, 'Best in Swimwear (Male)', '2023-04-23 10:32:05', '2023-04-23 10:33:54'),
(3, 3, 1, 'Best in Formal Wear', '2023-04-23 10:32:24', '2023-04-23 10:33:57'),
(4, 5, 1, 'Mr. San Agustin 2023', '2023-04-23 10:23:43', '2023-04-23 10:34:25'),
(5, 5, 2, 'Mr. SK San Agustin 2023', '2023-04-23 10:23:43', '2023-04-23 10:34:28'),
(6, 5, 3, 'Mr. SK Charity 2023', '2023-04-23 10:23:43', '2023-04-23 10:34:31'),
(7, 5, 4, '1st Runner Up', '2023-04-23 10:23:43', '2023-04-23 10:34:34'),
(8, 5, 5, '2nd Runner Up', '2023-04-23 10:23:43', '2023-04-23 10:34:37'),
(9, 6, 1, 'Best in Production (Female)', '2023-04-23 10:32:42', '2023-04-23 10:35:37'),
(10, 7, 1, 'Best in Swimwear (Female)', '2023-04-23 10:32:58', '2023-04-23 10:35:41'),
(11, 8, 1, 'Best in Long Gown', '2023-04-23 10:33:12', '2023-04-23 10:35:44'),
(12, 10, 1, 'Ms. San Agustin 2023', '2023-04-23 10:29:10', '2023-04-23 10:35:50'),
(13, 10, 2, 'Ms. SK San Agustin 2023', '2023-04-23 10:29:10', '2023-04-23 10:35:53'),
(14, 10, 3, 'Ms. SK Charity 2023', '2023-04-23 10:29:10', '2023-04-23 10:35:56'),
(15, 10, 4, '1st Runner Up', '2023-04-23 10:29:10', '2023-04-23 10:36:00'),
(16, 10, 5, '2nd Runner Up', '2023-04-23 10:29:10', '2023-04-23 10:36:03'),
(17, 1, 2, '', '2024-11-24 17:44:31', '2024-11-24 17:44:31'),
(18, 1, 3, '', '2024-11-24 17:44:31', '2024-11-24 17:44:31'),
(19, 1, 4, '', '2024-11-24 17:44:31', '2024-11-24 17:44:31'),
(20, 1, 5, '', '2024-11-24 17:44:31', '2024-11-24 17:44:31'),
(21, 1, 6, '', '2024-11-24 17:44:31', '2024-11-24 17:44:31'),
(22, 1, 7, '', '2024-11-24 17:44:31', '2024-11-24 17:44:31'),
(23, 1, 8, '', '2024-11-24 17:44:31', '2024-11-24 17:44:31'),
(24, 1, 9, '', '2024-11-24 17:44:31', '2024-11-24 17:44:31'),
(25, 1, 10, '', '2024-11-24 17:44:31', '2024-11-24 17:44:31'),
(26, 1, 11, '', '2024-11-24 17:44:31', '2024-11-24 17:44:31'),
(27, 1, 12, '', '2024-11-24 17:44:31', '2024-11-24 17:44:31'),
(28, 1, 13, '', '2024-11-24 17:44:31', '2024-11-24 17:44:31'),
(29, 1, 14, '', '2024-11-24 17:44:31', '2024-11-24 17:44:31'),
(30, 1, 15, '', '2024-11-24 17:44:31', '2024-11-24 17:44:31'),
(31, 1, 16, '', '2024-11-24 17:44:31', '2024-11-24 17:44:31'),
(32, 1, 17, '', '2024-11-24 17:44:31', '2024-11-24 17:44:31'),
(33, 6, 2, '', '2024-11-24 17:44:34', '2024-11-24 17:44:34'),
(34, 6, 3, '', '2024-11-24 17:44:34', '2024-11-24 17:44:34'),
(35, 6, 4, '', '2024-11-24 17:44:34', '2024-11-24 17:44:34'),
(36, 6, 5, '', '2024-11-24 17:44:34', '2024-11-24 17:44:34'),
(37, 6, 6, '', '2024-11-24 17:44:34', '2024-11-24 17:44:34'),
(38, 6, 7, '', '2024-11-24 17:44:34', '2024-11-24 17:44:34'),
(39, 6, 8, '', '2024-11-24 17:44:34', '2024-11-24 17:44:34'),
(40, 6, 9, '', '2024-11-24 17:44:34', '2024-11-24 17:44:34'),
(41, 6, 10, '', '2024-11-24 17:44:34', '2024-11-24 17:44:34'),
(42, 6, 11, '', '2024-11-24 17:44:34', '2024-11-24 17:44:34'),
(43, 6, 12, '', '2024-11-24 17:44:34', '2024-11-24 17:44:34'),
(44, 6, 13, '', '2024-11-24 17:44:34', '2024-11-24 17:44:34'),
(45, 6, 14, '', '2024-11-24 17:44:34', '2024-11-24 17:44:34'),
(46, 6, 15, '', '2024-11-24 17:44:34', '2024-11-24 17:44:34'),
(47, 6, 16, '', '2024-11-24 17:44:34', '2024-11-24 17:44:34'),
(48, 6, 17, '', '2024-11-24 17:44:34', '2024-11-24 17:44:34'),
(49, 2, 2, '', '2024-11-24 17:44:37', '2024-11-24 17:44:37'),
(50, 2, 3, '', '2024-11-24 17:44:37', '2024-11-24 17:44:37'),
(51, 2, 4, '', '2024-11-24 17:44:37', '2024-11-24 17:44:37'),
(52, 2, 5, '', '2024-11-24 17:44:37', '2024-11-24 17:44:37'),
(53, 2, 6, '', '2024-11-24 17:44:37', '2024-11-24 17:44:37'),
(54, 2, 7, '', '2024-11-24 17:44:37', '2024-11-24 17:44:37'),
(55, 2, 8, '', '2024-11-24 17:44:37', '2024-11-24 17:44:37'),
(56, 2, 9, '', '2024-11-24 17:44:37', '2024-11-24 17:44:37'),
(57, 2, 10, '', '2024-11-24 17:44:37', '2024-11-24 17:44:37'),
(58, 2, 11, '', '2024-11-24 17:44:37', '2024-11-24 17:44:37'),
(59, 2, 12, '', '2024-11-24 17:44:37', '2024-11-24 17:44:37'),
(60, 2, 13, '', '2024-11-24 17:44:37', '2024-11-24 17:44:37'),
(61, 2, 14, '', '2024-11-24 17:44:37', '2024-11-24 17:44:37'),
(62, 2, 15, '', '2024-11-24 17:44:37', '2024-11-24 17:44:37'),
(63, 2, 16, '', '2024-11-24 17:44:37', '2024-11-24 17:44:37'),
(64, 2, 17, '', '2024-11-24 17:44:37', '2024-11-24 17:44:37'),
(65, 7, 2, '', '2024-11-24 17:44:40', '2024-11-24 17:44:40'),
(66, 7, 3, '', '2024-11-24 17:44:40', '2024-11-24 17:44:40'),
(67, 7, 4, '', '2024-11-24 17:44:40', '2024-11-24 17:44:40'),
(68, 7, 5, '', '2024-11-24 17:44:40', '2024-11-24 17:44:40'),
(69, 7, 6, '', '2024-11-24 17:44:40', '2024-11-24 17:44:40'),
(70, 7, 7, '', '2024-11-24 17:44:40', '2024-11-24 17:44:40'),
(71, 7, 8, '', '2024-11-24 17:44:40', '2024-11-24 17:44:40'),
(72, 7, 9, '', '2024-11-24 17:44:40', '2024-11-24 17:44:40'),
(73, 7, 10, '', '2024-11-24 17:44:40', '2024-11-24 17:44:40'),
(74, 7, 11, '', '2024-11-24 17:44:40', '2024-11-24 17:44:40'),
(75, 7, 12, '', '2024-11-24 17:44:40', '2024-11-24 17:44:40'),
(76, 7, 13, '', '2024-11-24 17:44:40', '2024-11-24 17:44:40'),
(77, 7, 14, '', '2024-11-24 17:44:40', '2024-11-24 17:44:40'),
(78, 7, 15, '', '2024-11-24 17:44:40', '2024-11-24 17:44:40'),
(79, 7, 16, '', '2024-11-24 17:44:40', '2024-11-24 17:44:40'),
(80, 7, 17, '', '2024-11-24 17:44:40', '2024-11-24 17:44:40'),
(81, 3, 2, '', '2024-11-24 18:16:29', '2024-11-24 18:16:29'),
(82, 3, 3, '', '2024-11-24 18:16:29', '2024-11-24 18:16:29'),
(83, 3, 4, '', '2024-11-24 18:16:29', '2024-11-24 18:16:29'),
(84, 3, 5, '', '2024-11-24 18:16:29', '2024-11-24 18:16:29'),
(85, 3, 6, '', '2024-11-24 18:16:29', '2024-11-24 18:16:29'),
(86, 3, 7, '', '2024-11-24 18:16:29', '2024-11-24 18:16:29'),
(87, 3, 8, '', '2024-11-24 18:16:29', '2024-11-24 18:16:29'),
(88, 3, 9, '', '2024-11-24 18:16:29', '2024-11-24 18:16:29'),
(89, 3, 10, '', '2024-11-24 18:16:29', '2024-11-24 18:16:29'),
(90, 3, 11, '', '2024-11-24 18:16:29', '2024-11-24 18:16:29'),
(91, 3, 12, '', '2024-11-24 18:16:29', '2024-11-24 18:16:29'),
(92, 3, 13, '', '2024-11-24 18:16:29', '2024-11-24 18:16:29'),
(93, 3, 14, '', '2024-11-24 18:16:29', '2024-11-24 18:16:29'),
(94, 3, 15, '', '2024-11-24 18:16:29', '2024-11-24 18:16:29'),
(95, 3, 16, '', '2024-11-24 18:16:29', '2024-11-24 18:16:29'),
(96, 3, 17, '', '2024-11-24 18:16:29', '2024-11-24 18:16:29'),
(97, 8, 2, '', '2024-11-24 18:16:32', '2024-11-24 18:16:32'),
(98, 8, 3, '', '2024-11-24 18:16:32', '2024-11-24 18:16:32'),
(99, 8, 4, '', '2024-11-24 18:16:32', '2024-11-24 18:16:32'),
(100, 8, 5, '', '2024-11-24 18:16:32', '2024-11-24 18:16:32'),
(101, 8, 6, '', '2024-11-24 18:16:32', '2024-11-24 18:16:32'),
(102, 8, 7, '', '2024-11-24 18:16:32', '2024-11-24 18:16:32'),
(103, 8, 8, '', '2024-11-24 18:16:32', '2024-11-24 18:16:32'),
(104, 8, 9, '', '2024-11-24 18:16:32', '2024-11-24 18:16:32'),
(105, 8, 10, '', '2024-11-24 18:16:32', '2024-11-24 18:16:32'),
(106, 8, 11, '', '2024-11-24 18:16:32', '2024-11-24 18:16:32'),
(107, 8, 12, '', '2024-11-24 18:16:32', '2024-11-24 18:16:32'),
(108, 8, 13, '', '2024-11-24 18:16:32', '2024-11-24 18:16:32'),
(109, 8, 14, '', '2024-11-24 18:16:32', '2024-11-24 18:16:32'),
(110, 8, 15, '', '2024-11-24 18:16:32', '2024-11-24 18:16:32'),
(111, 8, 16, '', '2024-11-24 18:16:32', '2024-11-24 18:16:32'),
(112, 8, 17, '', '2024-11-24 18:16:32', '2024-11-24 18:16:32'),
(113, 4, 1, '', '2024-11-24 18:22:49', '2024-11-24 18:22:49'),
(114, 4, 2, '', '2024-11-24 18:22:49', '2024-11-24 18:22:49'),
(115, 4, 3, '', '2024-11-24 18:22:49', '2024-11-24 18:22:49'),
(116, 4, 4, '', '2024-11-24 18:22:49', '2024-11-24 18:22:49'),
(117, 4, 5, '', '2024-11-24 18:22:49', '2024-11-24 18:22:49'),
(118, 4, 6, '', '2024-11-24 18:22:49', '2024-11-24 18:22:49'),
(119, 4, 7, '', '2024-11-24 18:22:49', '2024-11-24 18:22:49'),
(120, 4, 8, '', '2024-11-24 18:22:49', '2024-11-24 18:22:49'),
(121, 4, 9, '', '2024-11-24 18:22:49', '2024-11-24 18:22:49'),
(122, 4, 10, '', '2024-11-24 18:22:49', '2024-11-24 18:22:49'),
(123, 4, 11, '', '2024-11-24 18:22:49', '2024-11-24 18:22:49'),
(124, 4, 12, '', '2024-11-24 18:22:49', '2024-11-24 18:22:49'),
(125, 4, 13, '', '2024-11-24 18:22:49', '2024-11-24 18:22:49'),
(126, 4, 14, '', '2024-11-24 18:22:49', '2024-11-24 18:22:49'),
(127, 4, 15, '', '2024-11-24 18:22:49', '2024-11-24 18:22:49'),
(128, 4, 16, '', '2024-11-24 18:22:49', '2024-11-24 18:22:49'),
(129, 4, 17, '', '2024-11-24 18:22:49', '2024-11-24 18:22:49'),
(130, 5, 6, '', '2024-11-24 18:22:49', '2024-11-24 18:22:49'),
(131, 5, 7, '', '2024-11-24 18:22:49', '2024-11-24 18:22:49'),
(132, 5, 8, '', '2024-11-24 18:22:49', '2024-11-24 18:22:49'),
(133, 5, 9, '', '2024-11-24 18:22:49', '2024-11-24 18:22:49'),
(134, 5, 10, '', '2024-11-24 18:22:49', '2024-11-24 18:22:49'),
(135, 5, 11, '', '2024-11-24 18:22:49', '2024-11-24 18:22:49'),
(136, 5, 12, '', '2024-11-24 18:22:49', '2024-11-24 18:22:49'),
(137, 5, 13, '', '2024-11-24 18:22:49', '2024-11-24 18:22:49'),
(138, 5, 14, '', '2024-11-24 18:22:49', '2024-11-24 18:22:49'),
(139, 5, 15, '', '2024-11-24 18:22:49', '2024-11-24 18:22:49'),
(140, 5, 16, '', '2024-11-24 18:22:49', '2024-11-24 18:22:49'),
(141, 5, 17, '', '2024-11-24 18:22:49', '2024-11-24 18:22:49'),
(142, 9, 1, '', '2024-11-24 18:22:49', '2024-11-24 18:22:49'),
(143, 9, 2, '', '2024-11-24 18:22:49', '2024-11-24 18:22:49'),
(144, 9, 3, '', '2024-11-24 18:22:49', '2024-11-24 18:22:49'),
(145, 9, 4, '', '2024-11-24 18:22:49', '2024-11-24 18:22:49'),
(146, 9, 5, '', '2024-11-24 18:22:49', '2024-11-24 18:22:49'),
(147, 9, 6, '', '2024-11-24 18:22:49', '2024-11-24 18:22:49'),
(148, 9, 7, '', '2024-11-24 18:22:49', '2024-11-24 18:22:49'),
(149, 9, 8, '', '2024-11-24 18:22:49', '2024-11-24 18:22:49'),
(150, 9, 9, '', '2024-11-24 18:22:49', '2024-11-24 18:22:49'),
(151, 9, 10, '', '2024-11-24 18:22:49', '2024-11-24 18:22:49'),
(152, 9, 11, '', '2024-11-24 18:22:49', '2024-11-24 18:22:49'),
(153, 9, 12, '', '2024-11-24 18:22:49', '2024-11-24 18:22:49'),
(154, 9, 13, '', '2024-11-24 18:22:49', '2024-11-24 18:22:49'),
(155, 9, 14, '', '2024-11-24 18:22:49', '2024-11-24 18:22:49'),
(156, 9, 15, '', '2024-11-24 18:22:49', '2024-11-24 18:22:49'),
(157, 9, 16, '', '2024-11-24 18:22:49', '2024-11-24 18:22:49'),
(158, 9, 17, '', '2024-11-24 18:22:49', '2024-11-24 18:22:49'),
(159, 10, 6, '', '2024-11-24 18:22:49', '2024-11-24 18:22:49'),
(160, 10, 7, '', '2024-11-24 18:22:49', '2024-11-24 18:22:49'),
(161, 10, 8, '', '2024-11-24 18:22:49', '2024-11-24 18:22:49'),
(162, 10, 9, '', '2024-11-24 18:22:49', '2024-11-24 18:22:49'),
(163, 10, 10, '', '2024-11-24 18:22:49', '2024-11-24 18:22:49'),
(164, 10, 11, '', '2024-11-24 18:22:49', '2024-11-24 18:22:49'),
(165, 10, 12, '', '2024-11-24 18:22:49', '2024-11-24 18:22:49'),
(166, 10, 13, '', '2024-11-24 18:22:49', '2024-11-24 18:22:49'),
(167, 10, 14, '', '2024-11-24 18:22:49', '2024-11-24 18:22:49'),
(168, 10, 15, '', '2024-11-24 18:22:49', '2024-11-24 18:22:49'),
(169, 10, 16, '', '2024-11-24 18:22:49', '2024-11-24 18:22:49'),
(170, 10, 17, '', '2024-11-24 18:22:49', '2024-11-24 18:22:49'),
(171, 1, 18, '', '2024-11-24 18:44:12', '2024-11-24 18:44:12'),
(172, 6, 18, '', '2024-11-24 18:44:12', '2024-11-24 18:44:12'),
(173, 1, 19, '', '2024-11-24 18:45:19', '2024-11-24 18:45:19'),
(174, 6, 19, '', '2024-11-24 18:45:20', '2024-11-24 18:45:20'),
(175, 1, 20, '', '2024-11-24 18:45:56', '2024-11-24 18:45:56'),
(176, 6, 20, '', '2024-11-24 18:45:57', '2024-11-24 18:45:57'),
(177, 1, 21, '', '2024-11-24 18:46:29', '2024-11-24 18:46:29'),
(178, 6, 21, '', '2024-11-24 18:46:30', '2024-11-24 18:46:30'),
(179, 1, 22, '', '2024-11-24 18:46:59', '2024-11-24 18:46:59'),
(180, 6, 22, '', '2024-11-24 18:47:00', '2024-11-24 18:47:00'),
(181, 1, 23, '', '2024-11-24 18:47:28', '2024-11-24 18:47:28'),
(182, 6, 23, '', '2024-11-24 18:47:29', '2024-11-24 18:47:29'),
(183, 1, 24, '', '2024-11-24 18:52:11', '2024-11-24 18:52:11'),
(184, 6, 24, '', '2024-11-24 18:52:12', '2024-11-24 18:52:12'),
(185, 1, 25, '', '2024-11-24 18:52:37', '2024-11-24 18:52:37'),
(186, 6, 25, '', '2024-11-24 18:52:38', '2024-11-24 18:52:38'),
(187, 1, 26, '', '2024-11-24 18:53:05', '2024-11-24 18:53:05'),
(188, 6, 26, '', '2024-11-24 18:53:06', '2024-11-24 18:53:06'),
(189, 1, 27, '', '2024-11-24 18:53:25', '2024-11-24 18:53:25'),
(190, 6, 27, '', '2024-11-24 18:53:26', '2024-11-24 18:53:26'),
(191, 1, 28, '', '2024-11-24 18:53:45', '2024-11-24 18:53:45'),
(192, 6, 28, '', '2024-11-24 18:53:46', '2024-11-24 18:53:46'),
(193, 2, 18, '', '2024-11-24 23:55:17', '2024-11-24 23:55:17'),
(194, 2, 19, '', '2024-11-24 23:55:17', '2024-11-24 23:55:17'),
(195, 2, 20, '', '2024-11-24 23:55:17', '2024-11-24 23:55:17'),
(196, 2, 21, '', '2024-11-24 23:55:17', '2024-11-24 23:55:17'),
(197, 2, 22, '', '2024-11-24 23:55:17', '2024-11-24 23:55:17'),
(198, 2, 23, '', '2024-11-24 23:55:17', '2024-11-24 23:55:17'),
(199, 2, 24, '', '2024-11-24 23:55:17', '2024-11-24 23:55:17'),
(200, 2, 25, '', '2024-11-24 23:55:17', '2024-11-24 23:55:17'),
(201, 2, 26, '', '2024-11-24 23:55:17', '2024-11-24 23:55:17'),
(202, 2, 27, '', '2024-11-24 23:55:17', '2024-11-24 23:55:17'),
(203, 2, 28, '', '2024-11-24 23:55:17', '2024-11-24 23:55:17'),
(204, 4, 18, '', '2024-11-24 23:55:17', '2024-11-24 23:55:17'),
(205, 4, 19, '', '2024-11-24 23:55:17', '2024-11-24 23:55:17'),
(206, 4, 20, '', '2024-11-24 23:55:17', '2024-11-24 23:55:17'),
(207, 4, 21, '', '2024-11-24 23:55:17', '2024-11-24 23:55:17'),
(208, 4, 22, '', '2024-11-24 23:55:17', '2024-11-24 23:55:17'),
(209, 4, 23, '', '2024-11-24 23:55:17', '2024-11-24 23:55:17'),
(210, 4, 24, '', '2024-11-24 23:55:17', '2024-11-24 23:55:17'),
(211, 4, 25, '', '2024-11-24 23:55:17', '2024-11-24 23:55:17'),
(212, 4, 26, '', '2024-11-24 23:55:17', '2024-11-24 23:55:17'),
(213, 4, 27, '', '2024-11-24 23:55:17', '2024-11-24 23:55:17'),
(214, 4, 28, '', '2024-11-24 23:55:17', '2024-11-24 23:55:17'),
(215, 3, 18, '', '2024-11-24 23:55:17', '2024-11-24 23:55:17'),
(216, 3, 19, '', '2024-11-24 23:55:17', '2024-11-24 23:55:17'),
(217, 3, 20, '', '2024-11-24 23:55:17', '2024-11-24 23:55:17'),
(218, 3, 21, '', '2024-11-24 23:55:17', '2024-11-24 23:55:17'),
(219, 3, 22, '', '2024-11-24 23:55:17', '2024-11-24 23:55:17'),
(220, 3, 23, '', '2024-11-24 23:55:17', '2024-11-24 23:55:17'),
(221, 3, 24, '', '2024-11-24 23:55:17', '2024-11-24 23:55:17'),
(222, 3, 25, '', '2024-11-24 23:55:17', '2024-11-24 23:55:17'),
(223, 3, 26, '', '2024-11-24 23:55:17', '2024-11-24 23:55:17'),
(224, 3, 27, '', '2024-11-24 23:55:17', '2024-11-24 23:55:17'),
(225, 3, 28, '', '2024-11-24 23:55:17', '2024-11-24 23:55:17'),
(226, 5, 18, '', '2024-11-24 23:55:17', '2024-11-24 23:55:17'),
(227, 5, 19, '', '2024-11-24 23:55:17', '2024-11-24 23:55:17'),
(228, 5, 20, '', '2024-11-24 23:55:17', '2024-11-24 23:55:17'),
(229, 5, 21, '', '2024-11-24 23:55:17', '2024-11-24 23:55:17'),
(230, 5, 22, '', '2024-11-24 23:55:17', '2024-11-24 23:55:17'),
(231, 5, 23, '', '2024-11-24 23:55:17', '2024-11-24 23:55:17'),
(232, 5, 24, '', '2024-11-24 23:55:17', '2024-11-24 23:55:17'),
(233, 5, 25, '', '2024-11-24 23:55:17', '2024-11-24 23:55:17'),
(234, 5, 26, '', '2024-11-24 23:55:17', '2024-11-24 23:55:17'),
(235, 5, 27, '', '2024-11-24 23:55:17', '2024-11-24 23:55:17'),
(236, 5, 28, '', '2024-11-24 23:55:17', '2024-11-24 23:55:17'),
(237, 7, 18, '', '2024-11-24 23:55:17', '2024-11-24 23:55:17'),
(238, 7, 19, '', '2024-11-24 23:55:17', '2024-11-24 23:55:17'),
(239, 7, 20, '', '2024-11-24 23:55:17', '2024-11-24 23:55:17'),
(240, 7, 21, '', '2024-11-24 23:55:17', '2024-11-24 23:55:17'),
(241, 7, 22, '', '2024-11-24 23:55:17', '2024-11-24 23:55:17'),
(242, 7, 23, '', '2024-11-24 23:55:17', '2024-11-24 23:55:17'),
(243, 7, 24, '', '2024-11-24 23:55:17', '2024-11-24 23:55:17'),
(244, 7, 25, '', '2024-11-24 23:55:17', '2024-11-24 23:55:17'),
(245, 7, 26, '', '2024-11-24 23:55:17', '2024-11-24 23:55:17'),
(246, 7, 27, '', '2024-11-24 23:55:17', '2024-11-24 23:55:17'),
(247, 7, 28, '', '2024-11-24 23:55:17', '2024-11-24 23:55:17'),
(248, 8, 18, '', '2024-11-24 23:55:17', '2024-11-24 23:55:17'),
(249, 8, 19, '', '2024-11-24 23:55:17', '2024-11-24 23:55:17'),
(250, 8, 20, '', '2024-11-24 23:55:17', '2024-11-24 23:55:17'),
(251, 8, 21, '', '2024-11-24 23:55:17', '2024-11-24 23:55:17'),
(252, 8, 22, '', '2024-11-24 23:55:17', '2024-11-24 23:55:17'),
(253, 8, 23, '', '2024-11-24 23:55:17', '2024-11-24 23:55:17'),
(254, 8, 24, '', '2024-11-24 23:55:17', '2024-11-24 23:55:17'),
(255, 8, 25, '', '2024-11-24 23:55:17', '2024-11-24 23:55:17'),
(256, 8, 26, '', '2024-11-24 23:55:17', '2024-11-24 23:55:17'),
(257, 8, 27, '', '2024-11-24 23:55:17', '2024-11-24 23:55:17'),
(258, 8, 28, '', '2024-11-24 23:55:17', '2024-11-24 23:55:17'),
(259, 9, 18, '', '2024-11-24 23:55:17', '2024-11-24 23:55:17'),
(260, 9, 19, '', '2024-11-24 23:55:17', '2024-11-24 23:55:17'),
(261, 9, 20, '', '2024-11-24 23:55:17', '2024-11-24 23:55:17'),
(262, 9, 21, '', '2024-11-24 23:55:17', '2024-11-24 23:55:17'),
(263, 9, 22, '', '2024-11-24 23:55:18', '2024-11-24 23:55:18'),
(264, 9, 23, '', '2024-11-24 23:55:18', '2024-11-24 23:55:18'),
(265, 9, 24, '', '2024-11-24 23:55:18', '2024-11-24 23:55:18'),
(266, 9, 25, '', '2024-11-24 23:55:18', '2024-11-24 23:55:18'),
(267, 9, 26, '', '2024-11-24 23:55:18', '2024-11-24 23:55:18'),
(268, 9, 27, '', '2024-11-24 23:55:18', '2024-11-24 23:55:18'),
(269, 9, 28, '', '2024-11-24 23:55:18', '2024-11-24 23:55:18'),
(270, 10, 18, '', '2024-11-24 23:55:18', '2024-11-24 23:55:18'),
(271, 10, 19, '', '2024-11-24 23:55:18', '2024-11-24 23:55:18'),
(272, 10, 20, '', '2024-11-24 23:55:18', '2024-11-24 23:55:18'),
(273, 10, 21, '', '2024-11-24 23:55:18', '2024-11-24 23:55:18'),
(274, 10, 22, '', '2024-11-24 23:55:18', '2024-11-24 23:55:18'),
(275, 10, 23, '', '2024-11-24 23:55:18', '2024-11-24 23:55:18'),
(276, 10, 24, '', '2024-11-24 23:55:18', '2024-11-24 23:55:18'),
(277, 10, 25, '', '2024-11-24 23:55:18', '2024-11-24 23:55:18'),
(278, 10, 26, '', '2024-11-24 23:55:18', '2024-11-24 23:55:18'),
(279, 10, 27, '', '2024-11-24 23:55:18', '2024-11-24 23:55:18'),
(280, 10, 28, '', '2024-11-24 23:55:18', '2024-11-24 23:55:18');

--
-- Indexes for dumped tables
--

--
-- Indexes for table `admins`
--
ALTER TABLE `admins`
  ADD PRIMARY KEY (`id`);

--
-- Indexes for table `arrangements`
--
ALTER TABLE `arrangements`
  ADD PRIMARY KEY (`id`),
  ADD KEY `event_id` (`event_id`),
  ADD KEY `team_id` (`team_id`);

--
-- Indexes for table `categories`
--
ALTER TABLE `categories`
  ADD PRIMARY KEY (`id`),
  ADD KEY `competition_id` (`competition_id`);

--
-- Indexes for table `competitions`
--
ALTER TABLE `competitions`
  ADD PRIMARY KEY (`id`);

--
-- Indexes for table `criteria`
--
ALTER TABLE `criteria`
  ADD PRIMARY KEY (`id`),
  ADD KEY `event_id` (`event_id`);

--
-- Indexes for table `deductions`
--
ALTER TABLE `deductions`
  ADD PRIMARY KEY (`id`),
  ADD KEY `judge_id` (`technical_id`),
  ADD KEY `team_id` (`team_id`),
  ADD KEY `event_id` (`event_id`);

--
-- Indexes for table `duos`
--
ALTER TABLE `duos`
  ADD PRIMARY KEY (`id`),
  ADD KEY `event1` (`event_id_1`),
  ADD KEY `event2` (`event_id_2`);

--
-- Indexes for table `eliminations`
--
ALTER TABLE `eliminations`
  ADD PRIMARY KEY (`id`),
  ADD KEY `event_id` (`event_id`),
  ADD KEY `team_id` (`team_id`);

--
-- Indexes for table `events`
--
ALTER TABLE `events`
  ADD PRIMARY KEY (`id`),
  ADD KEY `area_id` (`category_id`);

--
-- Indexes for table `judges`
--
ALTER TABLE `judges`
  ADD PRIMARY KEY (`id`);

--
-- Indexes for table `judge_event`
--
ALTER TABLE `judge_event`
  ADD PRIMARY KEY (`id`),
  ADD KEY `judge_id` (`judge_id`),
  ADD KEY `event_id` (`event_id`),
  ADD KEY `active_team_id` (`active_team_id`);

--
-- Indexes for table `noshows`
--
ALTER TABLE `noshows`
  ADD PRIMARY KEY (`id`),
  ADD KEY `event_id` (`event_id`),
  ADD KEY `team_id` (`team_id`);

--
-- Indexes for table `participants`
--
ALTER TABLE `participants`
  ADD PRIMARY KEY (`id`),
  ADD KEY `team_id` (`team_id`),
  ADD KEY `event_id` (`event_id`);

--
-- Indexes for table `points`
--
ALTER TABLE `points`
  ADD PRIMARY KEY (`id`),
  ADD KEY `event_id` (`event_id`);

--
-- Indexes for table `ratings`
--
ALTER TABLE `ratings`
  ADD PRIMARY KEY (`id`),
  ADD KEY `judge_id` (`judge_id`),
  ADD KEY `team_id` (`team_id`),
  ADD KEY `criteria_id` (`criteria_id`);

--
-- Indexes for table `teams`
--
ALTER TABLE `teams`
  ADD PRIMARY KEY (`id`);

--
-- Indexes for table `technicals`
--
ALTER TABLE `technicals`
  ADD PRIMARY KEY (`id`);

--
-- Indexes for table `technical_event`
--
ALTER TABLE `technical_event`
  ADD PRIMARY KEY (`id`),
  ADD KEY `judge_id` (`technical_id`),
  ADD KEY `event_id` (`event_id`),
  ADD KEY `active_team_id` (`active_team_id`);

--
-- Indexes for table `titles`
--
ALTER TABLE `titles`
  ADD PRIMARY KEY (`id`),
  ADD KEY `event_id` (`event_id`);

--
-- AUTO_INCREMENT for dumped tables
--

--
-- AUTO_INCREMENT for table `admins`
--
ALTER TABLE `admins`
  MODIFY `id` tinyint(3) UNSIGNED NOT NULL AUTO_INCREMENT, AUTO_INCREMENT=2;

--
-- AUTO_INCREMENT for table `arrangements`
--
ALTER TABLE `arrangements`
  MODIFY `id` smallint(5) UNSIGNED NOT NULL AUTO_INCREMENT;

--
-- AUTO_INCREMENT for table `categories`
--
ALTER TABLE `categories`
  MODIFY `id` tinyint(3) UNSIGNED NOT NULL AUTO_INCREMENT, AUTO_INCREMENT=3;

--
-- AUTO_INCREMENT for table `competitions`
--
ALTER TABLE `competitions`
  MODIFY `id` tinyint(3) UNSIGNED NOT NULL AUTO_INCREMENT, AUTO_INCREMENT=2;

--
-- AUTO_INCREMENT for table `criteria`
--
ALTER TABLE `criteria`
  MODIFY `id` smallint(5) UNSIGNED NOT NULL AUTO_INCREMENT, AUTO_INCREMENT=41;

--
-- AUTO_INCREMENT for table `deductions`
--
ALTER TABLE `deductions`
  MODIFY `id` mediumint(8) UNSIGNED NOT NULL AUTO_INCREMENT;

--
-- AUTO_INCREMENT for table `duos`
--
ALTER TABLE `duos`
  MODIFY `id` smallint(5) UNSIGNED NOT NULL AUTO_INCREMENT, AUTO_INCREMENT=6;

--
-- AUTO_INCREMENT for table `eliminations`
--
ALTER TABLE `eliminations`
  MODIFY `id` mediumint(9) NOT NULL AUTO_INCREMENT, AUTO_INCREMENT=156;

--
-- AUTO_INCREMENT for table `events`
--
ALTER TABLE `events`
  MODIFY `id` smallint(5) UNSIGNED NOT NULL AUTO_INCREMENT, AUTO_INCREMENT=11;

--
-- AUTO_INCREMENT for table `judges`
--
ALTER TABLE `judges`
  MODIFY `id` tinyint(3) UNSIGNED NOT NULL AUTO_INCREMENT, AUTO_INCREMENT=8;

--
-- AUTO_INCREMENT for table `judge_event`
--
ALTER TABLE `judge_event`
  MODIFY `id` tinyint(3) UNSIGNED NOT NULL AUTO_INCREMENT, AUTO_INCREMENT=71;

--
-- AUTO_INCREMENT for table `noshows`
--
ALTER TABLE `noshows`
  MODIFY `id` smallint(5) UNSIGNED NOT NULL AUTO_INCREMENT;

--
-- AUTO_INCREMENT for table `participants`
--
ALTER TABLE `participants`
  MODIFY `id` smallint(5) UNSIGNED NOT NULL AUTO_INCREMENT;

--
-- AUTO_INCREMENT for table `points`
--
ALTER TABLE `points`
  MODIFY `id` smallint(5) UNSIGNED NOT NULL AUTO_INCREMENT, AUTO_INCREMENT=81;

--
-- AUTO_INCREMENT for table `ratings`
--
ALTER TABLE `ratings`
  MODIFY `id` mediumint(8) UNSIGNED NOT NULL AUTO_INCREMENT, AUTO_INCREMENT=1666;

--
-- AUTO_INCREMENT for table `teams`
--
ALTER TABLE `teams`
  MODIFY `id` tinyint(3) UNSIGNED NOT NULL AUTO_INCREMENT, AUTO_INCREMENT=33;

--
-- AUTO_INCREMENT for table `technicals`
--
ALTER TABLE `technicals`
  MODIFY `id` tinyint(3) UNSIGNED NOT NULL AUTO_INCREMENT, AUTO_INCREMENT=2;

--
-- AUTO_INCREMENT for table `technical_event`
--
ALTER TABLE `technical_event`
  MODIFY `id` tinyint(3) UNSIGNED NOT NULL AUTO_INCREMENT;

--
-- AUTO_INCREMENT for table `titles`
--
ALTER TABLE `titles`
  MODIFY `id` smallint(5) UNSIGNED NOT NULL AUTO_INCREMENT, AUTO_INCREMENT=281;

--
-- Constraints for dumped tables
--

--
-- Constraints for table `arrangements`
--
ALTER TABLE `arrangements`
  ADD CONSTRAINT `arrangements_ibfk_1` FOREIGN KEY (`team_id`) REFERENCES `teams` (`id`) ON DELETE CASCADE ON UPDATE CASCADE,
  ADD CONSTRAINT `arrangements_ibfk_2` FOREIGN KEY (`event_id`) REFERENCES `events` (`id`) ON DELETE CASCADE ON UPDATE CASCADE;

--
-- Constraints for table `categories`
--
ALTER TABLE `categories`
  ADD CONSTRAINT `categories_ibfk_1` FOREIGN KEY (`competition_id`) REFERENCES `competitions` (`id`) ON UPDATE CASCADE;

--
-- Constraints for table `criteria`
--
ALTER TABLE `criteria`
  ADD CONSTRAINT `criteria_ibfk_1` FOREIGN KEY (`event_id`) REFERENCES `events` (`id`) ON UPDATE CASCADE;

--
-- Constraints for table `deductions`
--
ALTER TABLE `deductions`
  ADD CONSTRAINT `deductions_ibfk_1` FOREIGN KEY (`event_id`) REFERENCES `events` (`id`) ON DELETE CASCADE ON UPDATE CASCADE,
  ADD CONSTRAINT `deductions_ibfk_2` FOREIGN KEY (`team_id`) REFERENCES `teams` (`id`) ON DELETE CASCADE ON UPDATE CASCADE,
  ADD CONSTRAINT `deductions_ibfk_3` FOREIGN KEY (`technical_id`) REFERENCES `technicals` (`id`) ON DELETE CASCADE ON UPDATE CASCADE;

--
-- Constraints for table `duos`
--
ALTER TABLE `duos`
  ADD CONSTRAINT `duos_ibfk_1` FOREIGN KEY (`event_id_1`) REFERENCES `events` (`id`) ON DELETE CASCADE ON UPDATE CASCADE,
  ADD CONSTRAINT `duos_ibfk_2` FOREIGN KEY (`event_id_2`) REFERENCES `events` (`id`) ON DELETE CASCADE ON UPDATE CASCADE;

--
-- Constraints for table `eliminations`
--
ALTER TABLE `eliminations`
  ADD CONSTRAINT `eliminations_ibfk_1` FOREIGN KEY (`event_id`) REFERENCES `events` (`id`) ON DELETE CASCADE ON UPDATE CASCADE,
  ADD CONSTRAINT `eliminations_ibfk_2` FOREIGN KEY (`team_id`) REFERENCES `teams` (`id`) ON DELETE CASCADE ON UPDATE CASCADE;

--
-- Constraints for table `events`
--
ALTER TABLE `events`
  ADD CONSTRAINT `events_ibfk_1` FOREIGN KEY (`category_id`) REFERENCES `categories` (`id`) ON UPDATE CASCADE;

--
-- Constraints for table `judge_event`
--
ALTER TABLE `judge_event`
  ADD CONSTRAINT `judge_event_ibfk_1` FOREIGN KEY (`judge_id`) REFERENCES `judges` (`id`) ON DELETE CASCADE ON UPDATE CASCADE,
  ADD CONSTRAINT `judge_event_ibfk_2` FOREIGN KEY (`event_id`) REFERENCES `events` (`id`) ON DELETE CASCADE ON UPDATE CASCADE,
  ADD CONSTRAINT `judge_event_ibfk_3` FOREIGN KEY (`active_team_id`) REFERENCES `teams` (`id`) ON DELETE NO ACTION ON UPDATE CASCADE;

--
-- Constraints for table `noshows`
--
ALTER TABLE `noshows`
  ADD CONSTRAINT `noshows_ibfk_1` FOREIGN KEY (`event_id`) REFERENCES `events` (`id`) ON DELETE CASCADE ON UPDATE CASCADE,
  ADD CONSTRAINT `noshows_ibfk_2` FOREIGN KEY (`team_id`) REFERENCES `teams` (`id`) ON DELETE CASCADE ON UPDATE CASCADE;

--
-- Constraints for table `participants`
--
ALTER TABLE `participants`
  ADD CONSTRAINT `participants_ibfk_1` FOREIGN KEY (`team_id`) REFERENCES `teams` (`id`) ON DELETE CASCADE ON UPDATE CASCADE,
  ADD CONSTRAINT `participants_ibfk_2` FOREIGN KEY (`event_id`) REFERENCES `events` (`id`) ON DELETE CASCADE ON UPDATE CASCADE;

--
-- Constraints for table `points`
--
ALTER TABLE `points`
  ADD CONSTRAINT `points_ibfk_1` FOREIGN KEY (`event_id`) REFERENCES `events` (`id`) ON DELETE CASCADE ON UPDATE CASCADE;

--
-- Constraints for table `ratings`
--
ALTER TABLE `ratings`
  ADD CONSTRAINT `ratings_ibfk_1` FOREIGN KEY (`criteria_id`) REFERENCES `criteria` (`id`) ON DELETE CASCADE ON UPDATE CASCADE,
  ADD CONSTRAINT `ratings_ibfk_2` FOREIGN KEY (`team_id`) REFERENCES `teams` (`id`) ON DELETE CASCADE ON UPDATE CASCADE,
  ADD CONSTRAINT `ratings_ibfk_3` FOREIGN KEY (`judge_id`) REFERENCES `judges` (`id`) ON DELETE CASCADE ON UPDATE CASCADE;

--
-- Constraints for table `technical_event`
--
ALTER TABLE `technical_event`
  ADD CONSTRAINT `technical_event_ibfk_2` FOREIGN KEY (`technical_id`) REFERENCES `technicals` (`id`) ON DELETE CASCADE ON UPDATE CASCADE,
  ADD CONSTRAINT `technical_event_ibfk_3` FOREIGN KEY (`event_id`) REFERENCES `events` (`id`) ON DELETE CASCADE ON UPDATE CASCADE,
  ADD CONSTRAINT `technical_event_ibfk_4` FOREIGN KEY (`active_team_id`) REFERENCES `teams` (`id`) ON DELETE NO ACTION ON UPDATE CASCADE;

--
-- Constraints for table `titles`
--
ALTER TABLE `titles`
  ADD CONSTRAINT `titles_ibfk_1` FOREIGN KEY (`event_id`) REFERENCES `events` (`id`) ON DELETE CASCADE ON UPDATE CASCADE;
COMMIT;

/*!40101 SET CHARACTER_SET_CLIENT=@OLD_CHARACTER_SET_CLIENT */;
/*!40101 SET CHARACTER_SET_RESULTS=@OLD_CHARACTER_SET_RESULTS */;
/*!40101 SET COLLATION_CONNECTION=@OLD_COLLATION_CONNECTION */;
